"Link-ID","Text","Typ","Enable When","Wertemenge","Herkunft","Nutzung"
"1","(1) Stammdaten","group","","","",""
"1.1","(1.1) Schlüsselnummer GA","integer","","","DE-BY",""
"1.2","(1.2) Untersucherin/Untersucher","integer","","","DE-BY",""
"1.3","(1.3) Laufende Nummer","integer","","","DE-BY",""
"1.4","(1.4) Postleitzahl Wohnort","string","","","DE-BY",""
"1.4h","Die ersten 4 Ziffern der Postleitzahl","display","","","DE-BY",""
"1.5","(1.5) Sprengel/Kiganr.","integer","","","DE-BY",""
"1.6","(1.6) Region","choice","","Kreisfreie Stadt :: Landkreis :: Unbekannt ","DE-BY",""
"1.7","(1.7) Geburtsdatum","date","","","DE-BY",""
"1.8","(1.8) Geschlecht","choice","","männlich :: weiblich :: unbestimmt :: divers ","DE-BY",""
"1.9","(1.9) Kind lebt seit weniger als 1 Jahr in Deutschland","boolean","","","DE-BY",""
"1.10","(1.10) AKDB-Meldejahrgang","integer","","","DE-BY",""
"1.11","(1.11) Jahr der regulären Einschulung","integer","","","DE-BY",""
"1.12","(1.12) Teilnahme rSEU im 1. UJ","boolean","","","DE-BY",""
"1.13","(1.13) Import-Status","integer","","","DE-BY",""
"1.14","(1.14) Vorname Kind","string","","","DE-BW",""
"1.15","(1.15) Nachname Kind","string","","","DE-BW",""
"1.16","(1.16) Alter des Kindes in Jahren","integer","","","DE-BW",""
"1.17","(1.17) Ort der Untersuchung","integer","","","DE-BW",""
"1.18","(1.18) Kind bei Untersuchung anwesend?","boolean","","","DE-BW",""
"1.19","(1.19) Sorgeberechtigte Person 1 anwesend?","boolean","","","DE-BW",""
"1.20","(1.20) Sorgeberechtigte Person 2 anwesend?","boolean","","","DE-BW",""
"1.21","(1.21) Andere Begleitperson anwesend?","boolean","","","DE-BW",""
"1.21.g","(1.21.g) Details Begleitperson","group","1.21 = true","","",""
"1.21.g.1","(1.21.g.1) Andere Begleitperson Name","string","","","DE-BW",""
"1.21.g.2","(1.21.g.2) Andere Begleitperson Beziehungsstatus","string","","","DE-BW",""
"1.21.g.3","(1.21.g.3) Andere Begleitperson Einverständniserklärung Sorgeberechtigte Person vorliegend","boolean","","","DE-BW",""
"2","(2) Angaben zum Untersuchungsverlauf","group","","","",""
"2_1","(2_1) Untersuchungsstatus","group","","","",""
"2.1","(2.1) Untersuchungsstatus","choice","","untersucht :: untersucht für anderen LK :: untersucht für anderes BL :: untersucht, Kind im Vorjahr zurückgestellt :: nicht erschienen, da verzogen :: nicht erschienen, weil Untersuchung in anderem LK :: nicht erschienen, weil Untersuchung in anderem BL :: nicht erschienen, amerikanische Basis/Nato/Europ. Patentamt :: nicht erschienen, lebt im Ausland :: ...","DE-BY",""
"2.2","(2.2) Datum der Datenerfassung","date","2.1 = 07;2.1 = 08;2.1 = 09;2.1 = 10;2.1 = 11;2.1 = 12;2.1 = 13;2.1 = 15;2.1 = 19;2.1 = 20","","DE-BY",""
"2.3","(2.3) Besonderheiten","choice","","Kind vor Abschluss von rSEU/SEU in anderen LK/BL/Ausland verzogen :: Kind nach 1. Untersuchungsjahr zugezogen :: rSEU/SEU aus sonstigen Gründen nicht beendet ","DE-BY",""
"2.4","(2.4) Altersentspr. U-Nachweis erbracht (inkl. Teilnahme an SÄU)","boolean","","","DE-BY",""
"2_2","(2_2) Verschickte Anschreiben","group","","","",""
"2.5","(2.5) Einladung","boolean","","","DE-BY",""
"2.6","(2.6) 1. Mahnung ","boolean","","","DE-BY",""
"2.7","(2.7) 2. Mahnung ","boolean","","","DE-BY",""
"2.8","(2.8) Mahnung altersentspr. U-Nachweis","boolean","","","DE-BY",""
"2.9","(2.9) Einladung 1. SÄU","boolean","","","DE-BY",""
"2.10","(2.10) Einladung 2. SÄU","boolean","","","DE-BY",""
"2.11","(2.11) Mitteilungsbogen rSEU","boolean","","","DE-BY",""
"2.12","(2.12) Mitteilung Schule Vorkurs Deutsch","boolean","","","DE-BY",""
"2.13","(2.13) Mitteilung Schule Förderung /med. Maßnahmen","boolean","","","DE-BY",""
"2_3","(2_3) Wiedervorlage","group","","","",""
"2.14","(2.14) Wiedervorlage erforderlich","boolean","","","DE-BY",""
"2.15","(2.15) Wiedervorlage Datum","date","","","DE-BY",""
"2.16","(2.16) Wiedervorlage Grund","choice","","1. Mahnung :: 2. Mahnung :: U8/U9 nachgereicht :: Einladung 1. SÄU :: Einladung 2. SÄU :: Meldung Jugendamt :: Mitteilungsbogen verschicken :: sonstiges ","DE-BY",""
"2_4","(2_4) Ergebnis nach dem Screening und/oder Elternfragebogen","group","","","",""
"2.17","(2.17) Weitere Abklärung beim Augenarzt","boolean","","","DE-BY",""
"2.18","(2.18) Weitere Abklärung beim HNO-Arzt","boolean","","","DE-BY",""
"2.19","(2.19) Weitere Abklärung beim Kinder-/Jugendarzt (nur bzgl. Impfen!)","boolean","","","DE-BY",""
"2.20","(2.20) Weitere Abklärung beim Zahnarzt","boolean","","","DE-BY",""
"2.21","(2.21) Vorstellung beim Schularzt indiziert (1.SÄU)","choice","","Ja :: Nein :: Teilnahme empfohlen (freiwillig) ","DE-BY",""
"2.22","(2.22) Durchführung 1. SÄU","choice","","Ja :: Nein :: nicht mehr erforderlich :: verweigert ","DE-BY",""
"2_5","(2_5) Ergebnis nach der 1. schulärztlichen Untersuchung","group","","","",""
"2.23","(2.23) Vorstellung beim Schularzt indiziert (2.SÄU)","choice","","Ja :: Nein :: Teilnahme empfohlen (freiwillig) ","DE-BY",""
"2.24","(2.24) Durchführung 2. SÄU","choice","","Ja :: Nein :: nicht mehr erforderlich :: verweigert ","DE-BY",""
"2_6","(2_6) Gesamtergebnis zu rSEU/SEU","group","","","",""
"2.25","(2.25) Ans Jugendamt gemeldet","choice","","aus Gründen des Kinderschutzes :: Verweigerung Teilnahme rSEU :: Verweigerung 1. SÄU :: Verweigerung 2. SÄU :: keine rSEU Teilnahme, Adresse unbekannt :: sonstige Gründe ","DE-BY",""
"2.26","(2.26) Mitteilungsbogen für Schule mitgegeben/verschickt","boolean","","","DE-BY",""
"2.27","(2.27) Kind abgeschlossen","string","","","DE-BY",""
"2_7","(2_7) Angaben zu Studienzwecken","group","","","",""
"2.28","(2.28) Einwilligung Kontaktaufnahme","boolean","","","DE-BY",""
"2.29","(2.29) Einwilligung Studienteilnahme","boolean","","","DE-BY",""
"2.30","(2.30) Gewünschte Sprache Studie","choice","","Albanisch :: Arabisch :: Englisch :: Rumänisch :: Russisch :: Türkisch :: Ukrainisch ","DE-BY",""
"3","(3) Impfungen","group","","","",""
"3.1","(3.1) Impfbuch vorgelegt","boolean","","","DE-BY",""
"3.2","(3.2) alle Impfungen werden abgelehnt oder sind nicht möglich","boolean","","","DE-BY",""
"3_1","(3_1) Abfrage Impfungen","group","3.1 = true;3.2 != true","","DE-BY",""
"3.3","(3.3) Tetanus","choice","","keine Impfung :: Grundimmunisierung unvollständig :: Grundimmunisierung abgeschlossen (ohne Auffrischung) :: Grundimmunisierung abgeschlossen und 1+ Auffrischung ","DE-BY",""
"3.4","(3.4) Diphtherie","choice","","keine Impfung :: Grundimmunisierung unvollständig :: Grundimmunisierung abgeschlossen (ohne Auffrischung) :: Grundimmunisierung abgeschlossen und 1+ Auffrischung ","DE-BY",""
"3.5","(3.5) Pertussis","choice","","keine Impfung :: Grundimmunisierung unvollständig :: Grundimmunisierung abgeschlossen (ohne Auffrischung) :: Grundimmunisierung abgeschlossen und 1+ Auffrischung ","DE-BY",""
"3.6","(3.6) IPV","choice","","keine Impfung :: Grundimmunisierung unvollständig :: Grundimmunisierung abgeschlossen (ohne Auffrischung) ","DE-BY",""
"3.7","(3.7) HIB","choice","","keine Impfung :: Grundimmunisierung unvollständig :: Grundimmunisierung abgeschlossen (ohne Auffrischung) ","DE-BY",""
"3.8","(3.8) Hepatitis B","choice","","keine Impfung :: Grundimmunisierung unvollständig :: Grundimmunisierung abgeschlossen (ohne Auffrischung) ","DE-BY",""
"3.9","(3.9) Masern","choice","","keine Impfung :: Grundimmunisierung unvollständig :: Grundimmunisierung abgeschlossen (ohne Auffrischung) ","DE-BY",""
"3.10","(3.10) Mumps","choice","","keine Impfung :: Grundimmunisierung unvollständig :: Grundimmunisierung abgeschlossen (ohne Auffrischung) ","DE-BY",""
"3.11","(3.11) Röteln","choice","","keine Impfung :: Grundimmunisierung unvollständig :: Grundimmunisierung abgeschlossen (ohne Auffrischung) ","DE-BY",""
"3.12","(3.12) Varizellen","choice","","keine Impfung :: Grundimmunisierung unvollständig :: Grundimmunisierung abgeschlossen (ohne Auffrischung) ","DE-BY",""
"3.13","(3.13) Meningokokken","choice","","keine Impfung :: Grundimmunisierung unvollständig :: Grundimmunisierung abgeschlossen (ohne Auffrischung) ","DE-BY",""
"3.14","(3.14) Pneumokokken","choice","","keine Impfung :: Grundimmunisierung unvollständig :: Grundimmunisierung abgeschlossen (ohne Auffrischung) ","DE-BY",""
"3.15","(3.15) FSME","choice","","keine Impfung :: Grundimmunisierung unvollständig :: Grundimmunisierung abgeschlossen (ohne Auffrischung) :: Grundimmunisierung abgeschlossen und 1+ Auffrischung ","DE-BY",""
"3.16","(3.16) Rotaviren","choice","","keine Impfung :: Grundimmunisierung unvollständig :: Grundimmunisierung abgeschlossen (ohne Auffrischung) ","DE-BY",""
"3_1a","(3_1a) Abfrage Impfungen - abgelehnt","group","3.2 = true","","DE-BY",""
"3.3a","(3.3a) Tetanus","choice","","keine Impfung :: Grundimmunisierung unvollständig :: Grundimmunisierung abgeschlossen (ohne Auffrischung) :: Grundimmunisierung abgeschlossen und 1+ Auffrischung ","DE-BY",""
"3.4a","(3.4a) Diphtherie","choice","","keine Impfung :: Grundimmunisierung unvollständig :: Grundimmunisierung abgeschlossen (ohne Auffrischung) :: Grundimmunisierung abgeschlossen und 1+ Auffrischung ","DE-BY",""
"3.5a","(3.5a) Pertussis","choice","","keine Impfung :: Grundimmunisierung unvollständig :: Grundimmunisierung abgeschlossen (ohne Auffrischung) :: Grundimmunisierung abgeschlossen und 1+ Auffrischung ","DE-BY",""
"3.6a","(3.6a) IPV","choice","","keine Impfung :: Grundimmunisierung unvollständig :: Grundimmunisierung abgeschlossen (ohne Auffrischung) ","DE-BY",""
"3.7a","(3.7a) HIB","choice","","keine Impfung :: Grundimmunisierung unvollständig :: Grundimmunisierung abgeschlossen (ohne Auffrischung) ","DE-BY",""
"3.8a","(3.8a) Hepatitis B","choice","","keine Impfung :: Grundimmunisierung unvollständig :: Grundimmunisierung abgeschlossen (ohne Auffrischung) ","DE-BY",""
"3.9a","(3.9a) Masern","choice","","keine Impfung :: Grundimmunisierung unvollständig :: Grundimmunisierung abgeschlossen (ohne Auffrischung) ","DE-BY",""
"3.10a","(3.10a) Mumps","choice","","keine Impfung :: Grundimmunisierung unvollständig :: Grundimmunisierung abgeschlossen (ohne Auffrischung) ","DE-BY",""
"3.11a","(3.11a) Röteln","choice","","keine Impfung :: Grundimmunisierung unvollständig :: Grundimmunisierung abgeschlossen (ohne Auffrischung) ","DE-BY",""
"3.12a","(3.12a) Varizellen","choice","","keine Impfung :: Grundimmunisierung unvollständig :: Grundimmunisierung abgeschlossen (ohne Auffrischung) ","DE-BY",""
"3.13a","(3.13a) Meningokokken","choice","","keine Impfung :: Grundimmunisierung unvollständig :: Grundimmunisierung abgeschlossen (ohne Auffrischung) ","DE-BY",""
"3.14a","(3.14a) Pneumokokken","choice","","keine Impfung :: Grundimmunisierung unvollständig :: Grundimmunisierung abgeschlossen (ohne Auffrischung) ","DE-BY",""
"3.15a","(3.15a) FSME","choice","","keine Impfung :: Grundimmunisierung unvollständig :: Grundimmunisierung abgeschlossen (ohne Auffrischung) :: Grundimmunisierung abgeschlossen und 1+ Auffrischung ","DE-BY",""
"3.16a","(3.16a) Rotaviren","choice","","keine Impfung :: Grundimmunisierung unvollständig :: Grundimmunisierung abgeschlossen (ohne Auffrischung) ","DE-BY",""
"3.17","(3.17) Immunität gegen Varizellen aufgrund durchgemachter Varizellenerkrankung","boolean","","","DE-BY",""
"3_2","(3_2) Kontraindikation für Masernimpfung","group","","","DE-BY",""
"3.18","(3.18) Masernimpfung nicht erforderlich (ärztl. bestätigt), da","choice","","Antikörpertiter gegen Masern ausreichend :: Masernerkrankung durchgemacht wurde :: med. Kontraindikation dauerhaft besteht :: Bescheinigung von anderer Behörde vorliegt ","DE-BY",""
"3.19","(3.19) Impfstatus","choice","","Keine Angabe :: Besitzt kein Impfbuch :: Besitzt kein Impfbuch (lt schr. Erkl. nicht geimpft) :: Impfbuch in Kopie vorgelegt :: Impfberatung durchgeführt :: Impfberatung nicht durchgeführt/Keine Angabe ","DE-BW",""
"3.20","(3.20) Andere Impfungen erhalten","boolean","","","DE-BW",""
"3.20.1","(3.20.1) Welche andere Impfungen erhalten","string","","","DE-BW",""
"3.21","(3.21) Sonstige Bemerkungen Impfung","string","","","DE-BW",""
"3.21.1","(3.21.1) Übernahme Impf-Bemerkungen in Befundbogen für Sorgeberechtigte","boolean","3.21 exists true","","DE-BW",""
"3.22","(3.22) 6-fach Impfung","choice","","0 Impfungen :: 1 Impfung :: 2 Impfungen :: 3 Impfungen :: 4 Impfungen ","DE-BW",""
"3.23","(3.23) Grundimmunisierung nach 2+1 Schema durchgeführt und abgeschossen","boolean","","","DE-BW",""
"3.24","(3.24) Tetanus Impfung","choice","","0 Impfungen :: 1 Impfung :: 2 Impfungen :: 3 Impfungen :: 4 Impfungen ","DE-BW",""
"3.25","(3.25) Diphterie Impfung","choice","","0 Impfungen :: 1 Impfung :: 2 Impfungen :: 3 Impfungen :: 4 Impfungen ","DE-BW",""
"3.26","(3.26) Pertussis Impfung","choice","","0 Impfungen :: 1 Impfung :: 2 Impfungen :: 3 Impfungen :: 4 Impfungen ","DE-BW",""
"3.27","(3.27) HIB Impfung","choice","","0 Impfungen :: 1 Impfung :: 2 Impfungen :: 3 Impfungen :: 4 Impfungen ","DE-BW",""
"3.28","(3.28) Hepatitis-B Impfung","choice","","0 Impfungen :: 1 Impfung :: 2 Impfungen :: 3 Impfungen :: 4 Impfungen ","DE-BW",""
"3.29","(3.29) Poliomyelitis Impfung","choice","","0 Impfungen :: 1 Impfung :: 2 Impfungen :: 3 Impfungen :: 4 Impfungen ","DE-BW",""
"3.30","(3.30) Pneumokokken Impfung","choice","","0 Impfungen :: 1 Impfung :: 2 Impfungen :: 3 Impfungen :: 4 Impfungen ","DE-BW",""
"3.31","(3.31) MMR Impfung","choice","","0 Impfungen :: 1 Impfung :: 2 Impfungen :: 3 Impfungen ","DE-BW",""
"3.32","(3.32) Masern Mono Impfung","choice","","0 Impfungen :: 1 Impfung :: 2 Impfungen :: 3 Impfungen ","DE-BW",""
"3.33","(3.33) Röteln Mono Impfung","choice","","0 Impfungen :: 1 Impfung :: 2 Impfungen :: 3 Impfungen ","DE-BW",""
"3.34","(3.34) Varizellen Impfung","choice","","0 Impfungen :: 1 Impfung :: 2 Impfungen :: 3 Impfungen ","DE-BW",""
"3.35","(3.35) Meningokokken B Impfung","choice","","0 Impfungen :: 1 Impfung :: 2 Impfungen :: 3 Impfungen ","DE-BW",""
"3.36","(3.36) Meningokokken C Impfung durchgeführt","boolean","","","DE-BW",""
"3.37","(3.37) FSME Impfung","choice","","0 Impfungen :: 1 Impfung :: 2 Impfungen :: 3 Impfungen ","DE-BW",""
"3.37a","(3.37a) Hepatitis A Impfung","choice","","0 Impfungen :: 1 Impfung :: 2 Impfungen :: 3 Impfungen ","DE-BW",""
"3.38","(3.38) Influenza Impfung","choice","","0 Impfungen :: 1 Impfung :: 2 Impfungen ","DE-BW",""
"3.38.1","(3.38.1) Grippesaison der Impfung","choice","3.38 != 0_Impfungen","20/21 :: 21/22 :: 22/23 :: 23/24 ","DE-BW",""
"3.39","(3.39) Rota Impfung durchgeführt mit:","choice","","Keine Impfung :: Rotarix :: RotaTeq ","DE-BW",""
"3.39.1","(3.39.1) Anzahl der Rotarix Impfungen","choice","3.39 = Rotarix","0 Impfungen :: 1 Impfung :: 2 Impfungen ","DE-BW",""
"3.39.2","(3.39.2) Anzahl der RotaTeq Impfungen","choice","3.39 = RotaTeq","0 Impfungen :: 1 Impfung :: 2 Impfungen :: 3 Impfungen ","DE-BW",""
"4","(4) Gesetzliche Früherkennungsuntersuchungen","group","","","",""
"4.1","(4.1) Dokumente zum Nachweis durchgeführter U-Untersuchungen vorgelegt","boolean","","","DE-BY",""
"4.1.1","(4.1.1) Kind besitzt kein U-Heft","boolean","4.1 = false","","DE-BW",""
"4.1.2","(4.1.2) Alle relevanten U-Untersuchungen wurden durchgeführt","boolean","4.1 = true","","DE-BW",""
"4g","(4g) Nachweis über die Teilnahme lag für folgende U-Untersuchungen vor","group","4.1 = true","","DE-BY",""
"4.2","(4.2) U1-Nachweis lag vor","boolean","","","DE-BY",""
"4.3","(4.3) U2-Nachweis lag vor","boolean","","","DE-BY",""
"4.4","(4.4) U3-Nachweis lag vor","boolean","","","DE-BY",""
"4.5","(4.5) U4-Nachweis lag vor","boolean","","","DE-BY",""
"4.6","(4.6) U5-Nachweis lag vor","boolean","","","DE-BY",""
"4.7","(4.7) U6-Nachweis lag vor","boolean","","","DE-BY",""
"4.8","(4.8) U7-Nachweis lag vor","boolean","","","DE-BY",""
"4.9","(4.9) U7a-Nachweis lag vor","boolean","","","DE-BY",""
"4.10","(4.10) U8-Nachweis lag vor","boolean","","","DE-BY",""
"4.11","(4.11) U8 nachgereicht ","boolean","4.10 != true","","DE-BY",""
"4.12","(4.12) Datum Eingang Vorlage U8","date","","","DE-BY",""
"4.13","(4.13) Alter zum Zeitpunkt U8-Nachweis","integer","","","DE-BY",""
"4.14","(4.14) U9-Nachweis lag vor","boolean","","","DE-BY",""
"4.15","(4.15) U9 nachgereicht ","boolean","","","DE-BY",""
"4.16","(4.16) Datum der U8-Untersuchung","date","","","DE-BY",""
"4.17","(4.17) Körpergröße aus U8-Untersuchung","integer","","","DE-BY",""
"4.18","(4.18) Gewicht aus U8-Untersuchung","decimal","","","DE-BY",""
"4.19","(4.19) Datum der U9-Untersuchung","date","","","DE-BY",""
"4.20","(4.20) Körpergröße aus U9-Untersuchung","integer","","","DE-BY",""
"4.21","(4.21) Gewicht aus U9-Untersuchung","decimal","","","DE-BY",""
"4.22","(4.22) U-Untersuchungen Bemerkung","string","","","DE-BW",""
"4.22.1","(4.22.1) Übernahme U-Untersuchungen Bemerkung in Befundbogen für Sorgeberechtigte","boolean","4.22 exists true","","DE-BW",""
"5","(5) Anamnese","group","","","",""
"5.1","(5.1) Besonderheiten bei Anamnese","choice","","Es liegen keinerlei Angaben zur Anamnese vor :: Erschwert wegen unzureichender Deutschkenntnisse ","DE-BY",""
"5_1","(5_1) Anamnese","group","5.1 != 0","","DE-BY",""
"5.2","(5.2) Geschwister","choice","","keine :: eins :: zwei :: drei :: vier und mehr :: keine Angaben ","DE-BY",""
"5.3","(5.3) Staatsangehörigkeit des Kindes","string","","","DE-BY",""
"5.4","(5.4) Geburtsland des Kindes","string","","","DE-BY",""
"5.5","(5.5) Krippe/KITA/Kindergartenbesuch","choice","","0 Jahre :: 1 Jahr :: 2 Jahre :: 3 Jahre :: 4 Jahre :: 5 und mehr Jahre :: keine Angaben ","DE-BY",""
"5.6","(5.6) Derzeitiger Besuch eines Kindergartens","boolean","","","DE-BY",""
"5.7","(5.7) Art des Kindergartens","boolean","","Regel KiGa :: SVE :: HPT :: keine Angaben ","DE-BY",""
"5.8","(5.8) Geburtsgewicht (in g)","integer","","","DE-BY",""
"5.9","(5.9) Vollendete Schwangerschaftswochen","integer","","","DE-BY",""
"5.10","(5.10) Mehrling","boolean","","","DE-BY",""
"5.11","(5.11) Sprachauffälligkeit in Entwicklung","boolean","","","DE-BY",""
"5.12","(5.12) Kind wächst mehrsprachig auf","boolean","","","DE-BY",""
"5.13","(5.13) Kontakt mit der deutschen Sprache","choice","","seit Geburt :: NICHT seit Geburt :: keine Angabe ","DE-BY",""
"5_1_13","(5_1_13) Kontakt mit der deutschen Sprache","group","5.13 = 2","","DE-BY",""
"5.14","(5.14) Kontakt mit der deutschen Sprache ab welchem Alter (in Jahren)","integer","","","DE-BY",""
"5.15","(5.15) Kontakt mit der deutschen Sprache ab welchem Alter (in Monaten)","integer","","","DE-BY",""
"5.16","(5.16) Elternsprache  1","choice","","Afar :: Abchasisch :: Achinesisch :: Acholi :: Dangme :: Adygeisch :: Afrikaans :: Ainu :: Akan :: ...","DE-BY",""
"5.17","(5.17) Elternsprache 1 andere","boolean","5.16 = 98","","DE-BY",""
"5.18","(5.18) Elternsprache  2","choice","","Afar :: Abchasisch :: Achinesisch :: Acholi :: Dangme :: Adygeisch :: Afrikaans :: Ainu :: Akan :: ...","DE-BY",""
"5.19","(5.19) Elternsprache 2 andere","boolean","5.16 = 98","","DE-BY",""
"5.20","(5.20) Zu Hause gesprochene Sprache(n)","choice","","Deutsch :: Deutsch UND andere :: Andere :: keine Angaben ","DE-BY",""
"5.21","(5.21) Zu Hause gesprochene Sprache(n) andere","string","5.20 = 2;5.20 = 8","","DE-BY",""
"5.22","(5.22) Händigkeit","choice","","Rechtshänder :: Linkshänder :: noch unentschieden :: keine Angabe ","DE-BY",""
"5.23","(5.23) Auffälligkeiten im sozialen Verhalten (Stimmung, Konzentration, Verhalten, Umgang mit Anderen)","boolean","","","DE-BY",""
"5_2","(5_2) Fördermaßnahmen oder Behandlungen","group","","","DE-BY",""
"5.24","(5.24) Teilnahme Vorkurs Deutsch","choice","","ja :: nein :: geplant :: keine Angaben ","DE-BY",""
"5.25","(5.25) Sprachtherapie (Logopädie) jemals","choice","","nein :: abgeschlossen :: läuft noch :: geplant :: keine Angaben ","DE-BY",""
"5_3","(5_3) Angaben zu Vorerkrankungen oder gesundheitlichen Einschränkungen","group","","","DE-BY",""
"5.26","(5.26) Augenarztbesuch","boolean","","","DE-BY",""
"5.27","(5.27) Feststellung / Veranlassung Augenarzt","choice","5.26 = true","unauffälliger Befund :: Kurzsichtigkeit (Myopie) :: Weitsichtigkeit (Hyperopie) :: Schielen :: Verordnung Brille :: Verordnung Brille bei Myopie :: Verodnung Brille bei Hyperopie :: Verordnung Brille bei Schielen :: keine Angaben ","DE-BY",""
"5.28","(5.28) Besuch beim Zahnarzt in letzten 12 Monaten","choice","","ja :: nein :: keine Angaben ","DE-BY",""
"5.29","(5.29) Angeborene schwere Hörstörung","boolean","","ja :: nein :: keine Angaben ","DE-BY",""
"5_4","(5_4) Zusatzangaben zur Hörstörung","group","2.29 = true","","DE-BY",""
"5.30","(5.30) Angeborene Hörstörung","choice","","links :: rechts :: beidseitig :: keine Angaben ","DE-BY",""
"5.31","(5.31) mit Hörgerät versorgt","choice","","links :: rechts :: beidseitig :: keine Angaben ","DE-BY",""
"5.32","(5.32) mit Cochlea-Implant versorgt","choice","","links :: rechts :: beidseitig :: keine Angaben ","DE-BY",""
"5.33","(5.33) Elterneinwilligung mitgegeben (Hören)","boolean","","","DE-BY",""
"5_5","(5_5) Stoffwechselstörung","group","","","DE-BY",""
"5.34","(5.34) Stoffwechselerkrankung oder Hormonstörung (nur ärztl. diag. Befunde angeben)","boolean","","","DE-BY",""
"5_6","(5_6) Zusatzangaben zu Stoffwechselstörungen","group","5.34 = true","","DE-BY",""
"5.35","(5.35) MCAD-Mangel (nur ärztlich diag. Befunde angeben)","boolean","","","DE-BY",""
"5.36","(5.36) Hypothyreose (nur ärztlich diag. Befunde angeben)","boolean","","","DE-BY",""
"5.37","(5.37) Phenylketonurie (nur ärztlich diag. Befunde angeben)","boolean","","","DE-BY",""
"5.38","(5.38) AGS (nur ärztlich diag. Befunde angeben)","boolean","","","DE-BY",""
"5.39","(5.39) Mukoviszidose (nur ärztlich diag. Befunde angeben)","boolean","","","DE-BY",""
"5.40","(5.40) Diabetes mellitus (Typ 1) (nur ärztlich diag. Befunde angeben)","boolean","","","DE-BY",""
"5.41","(5.41) Diabetes mellitus (Typ 2) (nur ärztlich diag. Befunde angeben)","boolean","","","DE-BY",""
"5.42","(5.42) sonstige Stoffwechselerkrankungen (nur ärztlich diag. Befunde)","boolean","","","DE-BY",""
"5.43","(5.43) wenn ja, welche (nur ärztlich diag. Befunde)","string","5.42 = true","","DE-BY",""
"5.44","(5.44) Alter bei Diagnosestellung (in Jahren)","integer","5.35 = true;5.36 = true;5.37 = true;5.38 = true;5.39 = true;5.40 = true;5.41 = true;5.42 = true","","DE-BY",""
"5.44H","Wurde mehr als 1 Erkrankung (Variablen 5.35 - 5.42) mit JA markiert, bitte das Alter bei Diagnosestellung der in der Reihenfolge zuerst aufgeführten Stoffwechselerkrankung angeben.","display","","","",""
"5.45","(5.45) Alter bei Diagnosestellung (in Monaten)","integer","5.35 = true;5.36 = true;5.37 = true;5.38 = true;5.39 = true;5.40 = true;5.41 = true;5.42 = true","","DE-BY",""
"5.45H","Wurde mehr als 1 Erkrankung (Variablen 5.35 - 5.42) mit JA markiert, bitte das Alter bei Diagnosestellung der in der Reihenfolge zuerst aufgeführten Stoffwechselerkrankung angeben.","display","","","",""
"5.46","(5.46) Elterneinwilligung mitgegeben (Stoffwechselerkrankungen)","boolean","","","DE-BY",""
"5_7","(5_7) Chronische Erkankung","group","","","DE-BY",""
"5.47","(5.47) Chronische Erkrankung","boolean","","","DE-BY",""
"5.48","(5.48) Art der chronischen Erkrankung","string","5.47 = true","","DE-BY",""
"5_8","(5_8) Schwere Behinderung","group","","","DE-BY",""
"5.49","(5.49) Schwere Behinderung","boolean","","","DE-BY",""
"5.50","(5.50) Art der Behinderung","string","5.49 = true","","DE-BY",""
"5_9","(5_9) Medikamente","group","","","DE-BY",""
"5.51","(5.51) regelmäßige Medikamenteneinnahme","boolean","","","DE-BY",""
"5.52","(5.52) Art des Medikaments","string","5.51 = true","","DE-BY",""
"5_10","(5_10) Erkrankungen, die ggf. Notfallmaßnahmen erfordern","group","","","DE-BY",""
"5.53","(5.53) Erkrankungen mit ggf. erfoderlichen Vorgehensweisen","boolean","","","DE-BY",""
"5.54","(5.54) Erkrankung","string","5.53 = true","","DE-BY",""
"5_11","(5_11) Sonstige Angaben","group","","","DE-BY",""
"5.55","(5.55) familiäre Leserechtschreibschwäche","boolean","","","DE-BY",""
"5.56","(5.56) familiäre Rechenschwäche","boolean","","","DE-BY",""
"5_12","(5_12) FREIWILLIGE Angaben zu den Personensorgeberechtigten","group","","","DE-BY",""
"5.57","(5.57) Anzahl Erwachsene im Haushalt","choice","","keine :: eins :: zwei :: drei :: vier und mehr :: keine Angaben ","DE-BY",""
"5.58","(5.58) Geburtsland Elternteil 1","choice","","Deutschland :: Anderes Land :: keine Angaben ","DE-BY",""
"5.59","(5.59) Geburtsland Elternteil 2","choice","","Deutschland :: Anderes Land :: keine Angaben ","DE-BY",""
"5.60","(5.60) Staatsangehörigkeit Elternteil 1","choice","","Deutsch :: Deutsch UND andere :: Andere :: keine Angaben ","DE-BY",""
"5.61","(5.61) Staatsangehörigkeit Elternteil 2","choice","","Deutsch :: Deutsch UND andere :: Andere :: keine Angaben ","DE-BY",""
"5.62","(5.62) Höchster Schulabschluss Elternteil 1","choice","","(noch) kein Schulabschluss :: Haupt-/Volks-/Mittelschulabschluss/Quali :: Realschulabschluss (Mittlere Reife) :: allgemeine/fachgebundene Hochschulreife :: Hochschul-/Universitätsabschluss :: keine Angaben ","DE-BY",""
"5.63","(5.63) Höchster Schulabschluss Elternteil 2","choice","","(noch) kein Schulabschluss :: Haupt-/Volks-/Mittelschulabschluss/Quali :: Realschulabschluss (Mittlere Reife) :: allgemeine/fachgebundene Hochschulreife :: Hochschul-/Universitätsabschluss :: keine Angaben ","DE-BY",""
"5.64","(5.64) Erwerbstätigkeit Elternteil 1","choice","","vollzeit, mind. 35 Stunden :: teilzeit, 15-34 Stunden :: stundenweise, weniger als 15 Stunden :: vorübergehende Freistellung :: Ausbildung, Lehre, Umschulung :: nicht erwerbstätig, nicht arbeitssuchend :: nicht erwerbstätig, arbeitssuchend :: keine Angaben ","DE-BY",""
"5.65","(5.65) Erwerbstätigkeit Elternteil 2","choice","","","DE-BY",""
"6","(6) Elternfragebogen","group","","","",""
"6.1","(6.1) Angaben aus Entwicklungsfragebogen fehlen","boolean","","","DE-BY",""
"6_1","(6_1) Elternfragebogen","group","6.1 != true","","DE-BY",""
"6.2","(6.2) Ausfülldatum E-FB","date","","","DE-BY",""
"6.3","(6.3) Gesamtergebnis EFB (gemäß Gesamtpunktzahl) auffällig","boolean","","","DE-BY",""
"6.4","(6.4) Ergebnis im Bereich Sozialkompetenz auffällig","boolean","","","DE-BY",""
"7","(7) Befunde aus dem FdS-Screening","group","","","DE-BY",""
"7_1","(7_1) 1. Screening","group","","","DE-BY",""
"7_1_1H","Geben Sie ab 7.3 etwas ein, um das Datum und die Angabe zur heutigen Untersuchung freizuschalten","display","7.3 exists false;7.3 exists false;7.4 exists false;7.6 exists false;7.7 exists false;7.8 exists false;7.9 exists false;7.10 exists false;7.11 exists false;7.12 exists false;7.13 exists false;7.14 exists false;7.15 exists false;7.16 exists false;7.17 exists false;7.18 exists false;7.19 exists false;7.20 exists false;7.21 exists false;7.22 exists false;7.23 exists false;7.24 exists false;7.25 exists false;7.26 exists false;7.27 exists false;7.28 exists false;7.29 exists false;7.30 exists false","","DE-BY",""
"7.1","(7.1) Untersuchungsdatum","date","","","DE-BY",""
"7.2","(7.2) Heutige Untersuchung","choice","","Erstuntersuchung :: Wiederholung :: nicht bekannt :: Screening fand nicht statt :: Screening nicht möglich, Kind verweigert :: Screening nicht möglich, keine Dt-Kenntnisse :: Screening entfällt, gem. §8 SchulgespflV ","DE-BY",""
"7_1_1v","(7_1_1v) Verpflichtend","group","7.3 exists true;7.3 exists true;7.4 exists true;7.6 exists true;7.7 exists true;7.8 exists true;7.9 exists true;7.10 exists true;7.11 exists true;7.12 exists true;7.13 exists true;7.14 exists true;7.15 exists true;7.16 exists true;7.17 exists true;7.18 exists true;7.19 exists true;7.20 exists true;7.21 exists true;7.22 exists true;7.23 exists true;7.24 exists true;7.25 exists true;7.26 exists true;7.27 exists true;7.28 exists true;7.29 exists true;7.30 exists true","","DE-BY",""
"7.1v","(7.1v) Untersuchungsdatum","date","","","DE-BY",""
"7.2v","(7.2v) Heutige Untersuchung","choice","","Erstuntersuchung :: Wiederholung :: nicht bekannt :: Screening fand nicht statt :: Screening nicht möglich, Kind verweigert :: Screening nicht möglich, keine Dt-Kenntnisse :: Screening entfällt, gem. §8 SchulgespflV ","DE-BY",""
"7.3","(7.3) gemessene Körpergröße (in cm)","integer","","","DE-BY",""
"7.4","(7.4) gemessenes Körpergewicht (in kg)","decimal","","","DE-BY",""
"7.4.1","(7.4.1) Messung Körpergewicht durchgeführt","boolean","","","DE-BW",""
"7.sehtest.rechts","(7.sehtest.rechts) Sehtest rechts","choice","","Nicht durchgeführt :: 1 :: 0,9 :: 0,8 :: 0,7 :: 0,6 :: 0,5 ","DE-BW",""
"7.sehtest.links","(7.sehtest.links) Sehtest links","choice","","Nicht durchgeführt :: 1 :: 0,9 :: 0,8 :: 0,7 :: 0,6 :: 0,5 ","DE-BW",""
"7.sehtest.1","(7.sehtest.1) Sehtest Hyperopieprüfung auffällig?","boolean","","","DE-BW",""
"7.sehtest.2","(7.sehtest.2) Sehtest: Vorschaltlinse rechts","choice","","Besser :: Nicht besser :: Nicht durchgeführt ","DE-BW",""
"7.sehtest.3","(7.sehtest.3) Sehtest: Vorschaltlinse links","choice","","Besser :: Nicht besser :: Nicht durchgeführt ","DE-BW",""
"7.sehtest.4","(7.sehtest.4) Sehtest: Räumliches Sehen","choice","","","DE-BW",""
"7.sehtest.5","(7.sehtest.5) Sehtest: Farbsinn","choice","","","DE-BW",""
"7.sehtest.6","(7.sehtest.6) Sehtest: Sehstörung","choice","","Ja :: Nein :: Keine Angabe ","DE-BW",""
"7.sehtest.7","(7.sehtest.7) Sehtest: Augenärztliche Behandlung","choice","","Ja :: Nein :: Keine Angabe ","DE-BW",""
"7.sehtest.8","(7.sehtest.8) Sehtest: Bewertungsvorschlag","choice","","Altersentsprechend :: Arztempfehlung ","DE-BW",""
"7.sehtest.9","(7.sehtest.9) Sehtest: Durchgeführt","boolean","","","DE-BW",""
"7.sehtest.10","(7.sehtest.10) Sehtest: Fehlende Mitarbeit","boolean","","","DE-BW",""
"7.sehtest.11","(7.sehtest.11) Sehtest: Kinder-/Hausarzt","boolean","","","DE-BW",""
"7.sehtest.12","(7.sehtest.12) Sehtest: In Behandlung","boolean","","","DE-BW",""
"7.sehtest.13","(7.sehtest.13) Sehtest: Altersentsprechend","boolean","","","DE-BW",""
"7.sehtest.14","(7.sehtest.14) Sehtest: Abgeschlossen","boolean","","","DE-BW",""
"7.sehtest.15","(7.sehtest.15) Sehtest: Bemerkungen","string","","","DE-BW",""
"7.sehtest.15.1","(7.sehtest.15.1) Übernahme Hörtest-Bemerkungen in Befundbogen für Sorgeberechtigte","boolean","7.sehtest.15 exists true","","DE-BW",""
"7.sehtest.15.2","(7.sehtest.15.2) Übernahme Hörtest-Bemerkungen in Befundbogen für Kita","boolean","7.sehtest.15 exists true","","DE-BW",""
"7.6","(7.6) Lang-Test auffällig","choice","","ja :: nein :: Untersuchung nicht möglich :: Untersuchung nicht durchgeführt ","DE-BY",""
"7.7","(7.7) Sehschärfendifferenz auffällig","choice","","ja :: nein :: Untersuchung nicht möglich :: Untersuchung nicht durchgeführt ","DE-BY",""
"7.8","(7.8) Visus Ferne auffällig (Gerät, Rechts)","choice","","ja :: nein :: Untersuchung nicht möglich :: Untersuchung nicht durchgeführt ","DE-BY",""
"7.9","(7.9) Visus Ferne auffällig (Gerät, Links)","choice","","ja :: nein :: Untersuchung nicht möglich :: Untersuchung nicht durchgeführt ","DE-BY",""
"7.10","(7.10) Visus Ferne auffällig (LEA-Tafeln, Rechts)","choice","","ja :: nein :: Untersuchung nicht möglich :: Untersuchung nicht durchgeführt ","DE-BY",""
"7.11","(7.11) Visus Ferne auffällig (LEA-Tafeln, Links)","choice","","ja :: nein :: Untersuchung nicht möglich :: Untersuchung nicht durchgeführt ","DE-BY",""
"7.12","(7.12) akuter Infekt obere Atemwege liegt vor","boolean","","","DE-BY",""
"7.13","(7.13) Hörtest auffällig (Rechts)","choice","","ja :: nein :: Untersuchung nicht möglich :: Untersuchung nicht durchgeführt ","DE-BY",""
"7.13.1","(7.13.1) Hörtest rechts 0,5 kHz","choice","7.13 != 2","20db :: 30db :: 40db :: 50db ","DE-BW",""
"7.13.2","(7.13.2) Hörtest rechts 1 kHz","choice","7.13 != 2","20db :: 30db :: 40db :: 50db ","DE-BW",""
"7.13.3","(7.13.3) Hörtest rechts 2 kHz","choice","7.13 != 2","20db :: 30db :: 40db :: 50db ","DE-BW",""
"7.13.4","(7.13.4) Hörtest rechts 4 kHz","choice","7.13 != 2","20db :: 30db :: 40db :: 50db ","DE-BW",""
"7.13.5","(7.13.5) Hörtest rechts 6 kHz","choice","7.13 != 2","20db :: 30db :: 40db :: 50db ","DE-BW",""
"7.13.bewertung","(7.13.bewertung) Hörest rechts Bewertungsvorschlag","choice","","Altersentsprechend :: Arztempfehlung ","DE-BW",""
"7.14","(7.14) Hörtest auffällig (Links)","choice","","ja :: nein :: Untersuchung nicht möglich :: Untersuchung nicht durchgeführt ","DE-BY",""
"7.14.1","(7.14.1) Hörtest links 0,5 kHz","choice","7.14 != 2","20db :: 30db :: 40db :: 50db ","DE-BW",""
"7.14.2","(7.14.2) Hörtest links 1 kHz","choice","7.14 != 2","20db :: 30db :: 40db :: 50db ","DE-BW",""
"7.14.3","(7.14.3) Hörtest links 2 kHz","choice","7.14 != 2","20db :: 30db :: 40db :: 50db ","DE-BW",""
"7.14.4","(7.14.4) Hörtest links 4 kHz","choice","7.14 != 2","20db :: 30db :: 40db :: 50db ","DE-BW",""
"7.14.5","(7.14.5) Hörtest links 6 kHz","choice","7.14 != 2","20db :: 30db :: 40db :: 50db ","DE-BW",""
"7.14.bewertung","(7.14.bewertung) Hörest links Bewertungsvorschlag","choice","","Altersentsprechend :: Arztempfehlung ","DE-BW",""
"7.h.1","(7.h.1) Hörest gesamt altersentsprechend","boolean","","","DE-BW",""
"7.h.2","(7.h.2) Hörest gesamt abgeschlossen","boolean","","","DE-BW",""
"7.h.3","(7.h.3) Hörstörung bekannt","boolean","","","DE-BW",""
"7.h.4","(7.h.4) In HNO ärztlicher Behandlung","boolean","","","DE-BW",""
"7.h.5","(7.h.5) Störquellen während Hörtest","choice","","","DE-BW",""
"7.h.6","(7.h.6) Hörtest Bemerkung","string","","","DE-BW",""
"7.h.6.1","(7.h.6.1) Übernahme Hörtest-Bemerkungen in Befundbogen für Sorgeberechtigte","boolean","7.h.6 exists true","","DE-BW",""
"7.h.6.2","(7.h.6.2) Übernahme Hörtest-Bemerkungen in Befundbogen für Kita","boolean","7.h.6 exists true","","DE-BW",""
"7.15","(7.15) Visuomotorik auffällig","choice","","ja :: nein :: Untersuchung nicht möglich :: Untersuchung nicht durchgeführt ","DE-BY",""
"7.16","(7.16) Mengenvorwissen auffällig","choice","","ja :: nein :: Untersuchung nicht möglich :: Untersuchung nicht durchgeführt ","DE-BY",""
"7.17","(7.17) Zählen auffällig","choice","","ja :: nein :: Untersuchung nicht möglich :: Untersuchung nicht durchgeführt ","DE-BY",""
"7.18","(7.18) Keine ausreichenden Deutschkenntnisse vorhanden","boolean","","","DE-BY",""
"7.19","(7.19) Sprachverständnis auffällig","choice","","ja :: nein :: nicht beurteilbar :: Untersuchung nicht möglich :: Untersuchung nicht durchgeführt ","DE-BY",""
"7.20","(7.20) Lautbildung auffällig","choice","","ja :: nein :: nicht beurteilbar :: Untersuchung nicht möglich :: Untersuchung nicht durchgeführt ","DE-BY",""
"7.21","(7.21) Kind stottert mehr als 6 Monate","boolean","","","DE-BY",""
"7.22","(7.22) Stimme erscheint extrem auffällig über mehr als 3 Monate","boolean","","","DE-BY",""
"7.23","(7.23) Sprache ("Kernaufgaben") auffällig","choice","","ja :: nein :: nicht beurteilbar :: Untersuchung nicht möglich :: Untersuchung nicht durchgeführt ","DE-BY",""
"7.24","(7.24) Visuelle Wahrnehmung (Züge)","choice","","ja :: nein :: Untersuchung nicht möglich :: Untersuchung nicht durchgeführt ","DE-BY",""
"7.25","(7.25) Grobmotorik auffällig","choice","","ja :: nein :: Untersuchung nicht möglich :: Untersuchung nicht durchgeführt ","DE-BY",""
"7.26","(7.26) Formen zeichnen auffällig - Kreis","choice","","ja :: nein :: Untersuchung nicht möglich :: Untersuchung nicht durchgeführt ","DE-BY",""
"7.27","(7.27) Formen zeichnen auffällig - Quadrat","choice","","ja :: nein :: Untersuchung nicht möglich :: Untersuchung nicht durchgeführt ","DE-BY",""
"7.28","(7.28) Formen zeichnen auffällig - Dreieck","choice","","ja :: nein :: Untersuchung nicht möglich :: Untersuchung nicht durchgeführt ","DE-BY",""
"7.29","(7.29) Formen zeichnen auffällig - Raute","choice","","ja :: nein :: Untersuchung nicht möglich :: Untersuchung nicht durchgeführt ","DE-BY",""
"7.30","(7.30) Anmerkungen, intern","string","","","DE-BY",""
"7_2","(7_2) 2. Screening","group","","","DE-BY",""
"7.31","(7.31) Untersuchungsdatum","date","","","DE-BY",""
"7_2_1","(7_2_1) Untersuchung 2. Screening","group","7.31 exists true","","DE-BY",""
"7.32","(7.32) Heutige Untersuchung","choice","","Erstuntersuchung :: Wiederholung :: nicht bekannt :: Screening fand nicht statt :: Screening nicht möglich, Kind verweigert :: Screening nicht möglich, keine Dt-Kenntnisse :: Screening entfällt, gem. §8 SchulgespflV ","DE-BY",""
"7.33","(7.33) gemessene Körpergröße (in cm)","integer","","","DE-BY",""
"7.33a","(7.33a) Perzentile Körpergröße","integer","","","DE-BW",""
"7.34","(7.34) gemessenes Körpergewicht (in kg)","decimal","","","DE-BY",""
"7.34a","(7.34a) Perzentile Körpergewicht","integer","","","DE-BW",""
"7.35","(7.35) Sehtest mit Brille","boolean","","","DE-BY",""
"7.35a","(7.35a) Brillenträger ohne Brille untersucht","boolean","","","DE-BY",""
"7.36","(7.36) Lang-Test auffällig","choice","","ja :: nein :: Untersuchung nicht möglich :: Untersuchung nicht durchgeführt ","DE-BY",""
"7.37","(7.37) Sehschärfendifferenz auffällig","choice","","ja :: nein :: Untersuchung nicht möglich :: Untersuchung nicht durchgeführt ","DE-BY",""
"7.38","(7.38) Visus Ferne auffällig (Gerät, Rechts)","choice","","ja :: nein :: Untersuchung nicht möglich :: Untersuchung nicht durchgeführt ","DE-BY",""
"7.39","(7.39) Visus Ferne auffällig (Gerät, Links)","choice","","ja :: nein :: Untersuchung nicht möglich :: Untersuchung nicht durchgeführt ","DE-BY",""
"7.40","(7.40) Visus Ferne auffällig (LEA-Tafeln, Rechts)","choice","","ja :: nein :: Untersuchung nicht möglich :: Untersuchung nicht durchgeführt ","DE-BY",""
"7.41","(7.41) Visus Ferne auffällig (LEA-Tafeln, Links)","choice","","ja :: nein :: Untersuchung nicht möglich :: Untersuchung nicht durchgeführt ","DE-BY",""
"7.42","(7.42) akuter Infekt obere Atemwege liegt vor","boolean","","","DE-BY",""
"7.43","(7.43) Hörtest auffällig (Rechts)","choice","","ja :: nein :: Untersuchung nicht möglich :: Untersuchung nicht durchgeführt ","DE-BY",""
"7.44","(7.44) Hörtest auffällig (Links)","choice","","ja :: nein :: Untersuchung nicht möglich :: Untersuchung nicht durchgeführt ","DE-BY",""
"7.45","(7.45) Visuomotorik auffällig","choice","","ja :: nein :: Untersuchung nicht möglich :: Untersuchung nicht durchgeführt ","DE-BY",""
"7.46","(7.46) Mengenvorwissen auffällig","choice","","ja :: nein :: Untersuchung nicht möglich :: Untersuchung nicht durchgeführt ","DE-BY",""
"7.47","(7.47) Zählen auffällig","choice","","ja :: nein :: Untersuchung nicht möglich :: Untersuchung nicht durchgeführt ","DE-BY",""
"7.48","(7.48) Keine ausreichenden Deutschkenntnisse vorhanden","boolean","","","DE-BY",""
"7.49","(7.49) Sprachverständnis auffällig","choice","","ja :: nein :: nicht beurteilbar :: Untersuchung nicht möglich :: Untersuchung nicht durchgeführt ","DE-BY",""
"7.50","(7.50) Lautbildung auffällig","choice","","ja :: nein :: nicht beurteilbar :: Untersuchung nicht möglich :: Untersuchung nicht durchgeführt ","DE-BY",""
"7.51","(7.51) Kind stottert mehr als 6 Monate","boolean","","","DE-BY",""
"7.52","(7.52) Stimme erscheint extrem auffällig über mehr als 3 Monate","boolean","","","DE-BY",""
"7.53","(7.53) Sprache ("Kernaufgaben") auffällig","choice","","ja :: nein :: nicht beurteilbar :: Untersuchung nicht möglich :: Untersuchung nicht durchgeführt ","DE-BY",""
"7.54","(7.54) Visuelle Wahrnehmung (Züge)","choice","","ja :: nein :: Untersuchung nicht möglich :: Untersuchung nicht durchgeführt ","DE-BY",""
"7.55","(7.55) Grobmotorik auffällig","choice","","ja :: nein :: Untersuchung nicht möglich :: Untersuchung nicht durchgeführt ","DE-BY",""
"7.56","(7.56) Formen zeichnen auffällig - Kreis","choice","","ja :: nein :: Untersuchung nicht möglich :: Untersuchung nicht durchgeführt ","DE-BY",""
"7.57","(7.57) Formen zeichnen auffällig - Quadrat","choice","","ja :: nein :: Untersuchung nicht möglich :: Untersuchung nicht durchgeführt ","DE-BY",""
"7.58","(7.58) Formen zeichnen auffällig - Dreieck","choice","","ja :: nein :: Untersuchung nicht möglich :: Untersuchung nicht durchgeführt ","DE-BY",""
"7.59","(7.59) Formen zeichnen auffällig - Raute","choice","","ja :: nein :: Untersuchung nicht möglich :: Untersuchung nicht durchgeführt ","DE-BY",""
"7.60","(7.60) Anmerkungen, intern","string","","","DE-BY",""
"7.61","(7.61) BMI","decimal","","","DE-BW",""
"7.62","(7.62) Bewertung des Gewichts","choice","","Starkes Untergewicht :: Untergewicht :: Normalgewicht :: Übergewicht :: Adipositas ","DE-BW",""
"7.63","(7.63) Größe & Gewicht: Bemerkungen","string","","","DE-BW",""
"7.63.1","(7.63.1) Größe & Gewicht: Übernahme der Bemerkungen in Befundbogen für Sorgeberechtigte","string","7.63 exists true","","DE-BW",""
"7.63.2","(7.63.2) Größe & Gewicht: Übernahme der Bemerkungen in Befundbogen für Kita","string","7.63 exists true","","DE-BW",""
"7.64","(7.64) Untersuchung Seitliches Hin und Herspringen 1.Versuch durchgeführt","boolean","","","DE-BW",""
"7.64.1","(7.64.1) Untersuchung Seitliches Hin und Herspringen 1.Versuch","integer","7.64 = true","","DE-BW",""
"7.65","(7.65) Untersuchung Seitliches Hin und Herspringen 2.Versuch durchgeführt","boolean","","","DE-BW",""
"7.65.1","(7.65.1) Untersuchung Seitliches Hin und Herspringen 2.Versuch","integer","7.65 = true","","DE-BW",""
"7.66","(7.66) Untersuchung Seitliches Hin und Herspringen Durchschnitt","decimal","","","DE-BW",""
"7.67","(7.67) Seitliches Hin und Herspringen: Bemerkungen","string","","","DE-BW",""
"7.67.1","(7.67.1) Seitliches Hin und Herspringen: Übernahme der Bemerkungen in Befundbogen für Sorgeberechtigte","string","7.67 exists true","","DE-BW",""
"7.67.2","(7.67.2) Seitliches Hin und Herspringen: Übernahme der Bemerkungen in Befundbogen für Kita","string","7.67 exists true","","DE-BW",""
"7.68","(7.68) Untersuchung Seitliches Hin und Herspringen: Nicht durchgeführt","boolean","","","DE-BW",""
"7.69","(7.69) Untersuchung Seitliches Hin und Herspringen: Fehlende Mitarbeit","boolean","","","DE-BW",""
"7.70","(7.70) Untersuchung Seitliches Hin und Herspringen: Intensiver Förderbedarf","boolean","","","DE-BW",""
"7.71","(7.71) Untersuchung Seitliches Hin und Herspringen: Förderung häuslich/ Kindergarten","boolean","","","DE-BW",""
"7.72","(7.72) Untersuchung Seitliches Hin und Herspringen: in Behandlung","boolean","","","DE-BW",""
"7.73","(7.73) Untersuchung Seitliches Hin und Herspringen: Kinder-/ Hausarzt","boolean","","","DE-BW",""
"7.74","(7.74) Untersuchung Seitliches Hin und Herspringen: Altersentsprechend","boolean","","","DE-BW",""
"7.75","(7.75) Untersuchung Seitliches Hin und Herspringen: Abgeschlossen","boolean","","","DE-BW",""
"7.76","(7.76) Untersuchung Sprache: in Behandlung","boolean","","","DE-BW",""
"7.77","(7.77) Untersuchung Sprache: Kinder-/ Hausarzt","boolean","","","DE-BW",""
"7.78","(7.78) Untersuchung Sprache: Intensiver Förderbedarf","boolean","","","DE-BW",""
"7.79","(7.79) Untersuchung Sprache: Förderung häuslich/ Kindergarten","boolean","","","DE-BW",""
"7.80","(7.80) Untersuchung Sprache: Altersentsprechend","boolean","","","DE-BW",""
"7.81","(7.81) Untersuchung Sprache: Abgeschlossen","boolean","","","DE-BW",""
"7.82","(7.82) Untersuchung Sprache: Gesprochene Sprache in den ersten 3L Erste_Sprache","choice","","","DE-BW",""
"7.83","(7.83) Untersuchung Sprache: Gesprochene Sprache in den ersten 3L Zweite_Sprache","choice","","","DE-BW",""
"7.84","(7.84) Untersuchung Sprache: Gesprochene Sprache Weitere gesprochene Sprachen","boolean","","","DE-BW",""
"7.85","(7.85) Untersuchung Sprache: Kontakt dt. Sprache < 10 Monate","boolean","","","DE-BW",""
"7.86","(7.86) Untersuchung Sprache: Spontanansprache Auffälligkeiten Satzbau","boolean","","","DE-BW",""
"7.87","(7.87) Untersuchung Sprache: Spontanansprache Auffälligkeiten Artikel","boolean","","","DE-BW",""
"7.88","(7.88) Untersuchung Sprache: Spontanansprache Auffälligkeiten Verb","boolean","","","DE-BW",""
"7.89","(7.89) Untersuchung Sprache: Spontanansprache Auffälligkeiten Plural","boolean","","","DE-BW",""
"7.90","(7.90) Untersuchung Sprache: Spontanansprache Auffälligkeiten Präposition","boolean","","","DE-BW",""
"7.91","(7.91) Untersuchung Sprache: Spontanansprache Auffälligkeiten Stottern/Poltern","boolean","","","DE-BW",""
"7.92","(7.92) Untersuchung Sprache: Spontansprache Nicht Bewertbar","boolean","","","DE-BW",""
"7.93","(7.93) Untersuchung Sprachscreening: Weitere Abklärung erforderlich","boolean","","","DE-BW",""
"7.94","(7.94) Untersuchung Sprachscreening: Altersentsprechend","boolean","","","DE-BW",""
"7.95","(7.95) Untersuchung_Sprache_Sprachscreening_HASE_Nachsprechen_von_Sätzen_Nicht_durchgeführt","boolean","","","DE-BW",""
"7.96","(7.96) Untersuchung_Sprache_Sprachscreening_HASE_Nachsprechen_von_Sätzen_Fehlende_Mitarbeit","boolean","","","DE-BW",""
"7.97","(7.97) Untersuchung_Sprache_Sprachscreening_HASE_Nachsprechen_von_Sätzen_Altersentsprechend","boolean","","","DE-BW",""
"7.98","(7.98) Untersuchung_Sprache_Sprachscreening_HASE_Nachsprechen_von_Sätzen_1a","boolean","","","DE-BW",""
"7.99","(7.99) Untersuchung_Sprache_Sprachscreening_HASE_Nachsprechen_von_Sätzen_1b","boolean","","","DE-BW",""
"7.100","(7.100) Untersuchung_Sprache_Sprachscreening_HASE_Nachsprechen_von_Sätzen_2a","boolean","","","DE-BW",""
"7.101","(7.101) Untersuchung_Sprache_Sprachscreening_HASE_Nachsprechen_von_Sätzen_2b","boolean","","","DE-BW",""
"7.102","(7.102) Untersuchung_Sprache_Sprachscreening_HASE_Nachsprechen_von_Sätzen_3a","boolean","","","DE-BW",""
"7.103","(7.103) Untersuchung_Sprache_Sprachscreening_HASE_Nachsprechen_von_Sätzen_3b","boolean","","","DE-BW",""
"7.104","(7.104) Untersuchung_Sprache_Sprachscreening_HASE_Nachsprechen_von_Sätzen_4a","boolean","","","DE-BW",""
"7.105","(7.105) Untersuchung_Sprache_Sprachscreening_HASE_Nachsprechen_von_Sätzen_4b","boolean","","","DE-BW",""
"7.106","(7.106) Untersuchung_Sprache_Sprachscreening_HASE_Nachsprechen_von_Sätzen_5a","boolean","","","DE-BW",""
"7.107","(7.107) Untersuchung_Sprache_Sprachscreening_HASE_Nachsprechen_von_Sätzen_5b","boolean","","","DE-BW",""
"7.108","(7.108) Untersuchung_Sprache_Sprachscreening_HASE_Nachsprechen_von_Sätzen_Punktwert","integer","","","DE-BW",""
"7.109","(7.109) Untersuchung_Sprache_Sprachscreening_HASE_Wiedergabe_Zahlenfolgen_1a","boolean","","","DE-BW",""
"7.110","(7.110) Untersuchung_Sprache_Sprachscreening_HASE_Wiedergabe_Zahlenfolgen_1b","boolean","","","DE-BW",""
"7.111","(7.111) Untersuchung_Sprache_Sprachscreening_HASE_Wiedergabe_Zahlenfolgen_2a","boolean","","","DE-BW",""
"7.112","(7.112) Untersuchung_Sprache_Sprachscreening_HASE_Wiedergabe_Zahlenfolgen_2b","boolean","","","DE-BW",""
"7.113","(7.113) Untersuchung_Sprache_Sprachscreening_HASE_Wiedergabe_Zahlenfolgen_3a","boolean","","","DE-BW",""
"7.114","(7.114) Untersuchung_Sprache_Sprachscreening_HASE_Wiedergabe_Zahlenfolgen_3b","boolean","","","DE-BW",""
"7.115","(7.115) Untersuchung_Sprache_Sprachscreening_HASE_Wiedergabe_Zahlenfolgen_4a","boolean","","","DE-BW",""
"7.116","(7.116) Untersuchung_Sprache_Sprachscreening_HASE_Wiedergabe_Zahlenfolgen_4b","boolean","","","DE-BW",""
"7.117","(7.117) Untersuchung_Sprache_Sprachscreening_HASE_Wiedergabe_Zahlenfolgen_5a","boolean","","","DE-BW",""
"7.118","(7.118) Untersuchung_Sprache_Sprachscreening_HASE_Wiedergabe_Zahlenfolgen_5b","boolean","","","DE-BW",""
"7.119","(7.119) Untersuchung_Sprache_Sprachscreening_HASE_Wiedergabe_Zahlenfolgen_Punktwert","integer","","","DE-BW",""
"7.120","(7.120) Untersuchung_Sprache_Sprachscreening_HASE_Wiedergabe_Zahlenfolgen_Nicht_Durchgeführt","boolean","","","DE-BW",""
"7.121","(7.121) Untersuchung_Sprache_Sprachscreening_HASE_Wiedergabe_Zahlenfolge_Fehlende_Mitarbeit","boolean","","","DE-BW",""
"7.122","(7.122) Untersuchung_Sprache_Sprachscreening_HASE_Wiedergabe_Zahlenfolge_Altersentsprechend","boolean","","","DE-BW",""
"7.123","(7.123) Untersuchung_Sprache_Sprachscreening_HASE_Nachsprechen_Kunstwörter_0","boolean","","","DE-BW",""
"7.124","(7.124) Untersuchung_Sprache_Sprachscreening_HASE_Nachsprechen_Kunstwörter_1","boolean","","","DE-BW",""
"7.125","(7.125) Untersuchung_Sprache_Sprachscreening_HASE_Nachsprechen_Kunstwörter_2","boolean","","","DE-BW",""
"7.126","(7.126) Untersuchung_Sprache_Sprachscreening_HASE_Nachsprechen_Kunstwörter_3","boolean","","","DE-BW",""
"7.127","(7.127) Untersuchung_Sprache_Sprachscreening_HASE_Nachsprechen_Kunstwörter_4","boolean","","","DE-BW",""
"7.128","(7.128) Untersuchung_Sprache_Sprachscreening_HASE_Nachsprechen_Kunstwörter_5","boolean","","","DE-BW",""
"7.129","(7.129) Untersuchung_Sprache_Sprachscreening_HASE_Nachsprechen_Kunstwörter_6","boolean","","","DE-BW",""
"7.130","(7.130) Untersuchung_Sprache_Sprachscreening_HASE_Nachsprechen_Kunstwörter_7","boolean","","","DE-BW",""
"7.131","(7.131) Untersuchung_Sprache_Sprachscreening_HASE_Nachsprechen_Kunstwörter_8","boolean","","","DE-BW",""
"7.132","(7.132) Untersuchung_Sprache_Sprachscreening_HASE_Nachsprechen_Kunstwörter_9","boolean","","","DE-BW",""
"7.133","(7.133) Untersuchung_Sprache_Sprachscreening_HASE_Nachsprechen_Kunstwörter_10","boolean","","","DE-BW",""
"7.134","(7.134) Untersuchung_Sprache_Sprachscreening_HASE_Nachsprechen_Kunstwörter_Punktwert","integer","","","DE-BW",""
"7.135","(7.135) Untersuchung_Sprache_Sprachscreening_HASE_Nachsprechen_kunstwörter_Nicht_Durchgeführt","boolean","","","DE-BW",""
"7.136","(7.136) Untersuchung_Sprache_Sprachscreening_HASE_Nachsprechen_Kunstwörter_Fehlende_Mitarbeit","boolean","","","DE-BW",""
"7.137","(7.137) Untersuchung_Sprache_Sprachscreening_HASE_Nachsprechen_Kunstwörter_Altersentsprechend","boolean","","","DE-BW",""
"7.138","(7.138) Untersuchung_Sprache_Sprachscreening_HASE_Bemerkungen","string","","","DE-BW",""
"7.139","(7.139) Untersuchung_Sprache_Sprachscreening_HASE_Bemerkungen_Übernahme in Befundbogen für Sorgeberechtigte","boolean","","","DE-BW",""
"7.140","(7.140) Untersuchung_Sprache_Sprachscreening_HASE_Bemerkungen_Übernahme in Befundbogen für Kita","boolean","","","DE-BW",""
"7.141","(7.141) Untersuchung_Sprache_Sprachverständnis_KVS_bei_NS_im_Grenzbereich_0","boolean","","","DE-BW",""
"7.142","(7.142) Untersuchung_Sprache_Sprachverständnis_KVS_bei_NS_im_Grenzbereich_1","boolean","","","DE-BW",""
"7.143","(7.143) Untersuchung_Sprache_Sprachverständnis_KVS_bei_NS_im_Grenzbereich_2","boolean","","","DE-BW",""
"7.144","(7.144) Untersuchung_Sprache_Sprachverständnis_KVS_bei_NS_im_Grenzbereich_3","boolean","","","DE-BW",""
"7.145","(7.145) Untersuchung_Sprache_Sprachverständnis_KVS_Nicht_Durchgeführt","boolean","","","DE-BW",""
"7.146","(7.146) Untersuchung_Sprache_Sprachverständnis_KVS_Fehlende_Mitarbeit","boolean","","","DE-BW",""
"7.147","(7.147) Untersuchung_Artikulation_nicht_durchgeführt","boolean","","","DE-BW",""
"7.148","(7.148) Untersuchung_Artikulation_Fehlende_Mitarbeit","boolean","","","DE-BW",""
"7.149","(7.149) Untersuchung_Artikulation_in_Behandlung","boolean","","","DE-BW",""
"7.150","(7.150) Untersuchung_Artikulation_Kinder-/Hausarzt","boolean","","","DE-BW",""
"7.151","(7.151) Untersuchung_Artikulation_Förderung_häuslich/Kindergarten","boolean","","","DE-BW",""
"7.152","(7.152) Untersuchung_Artikulation_Altersentsprechend","boolean","","","DE-BW",""
"7.153","(7.153) Untersuchung_Artikulation_B","boolean","","","DE-BW",""
"7.154","(7.154) Untersuchung_Artikulation_L/N","boolean","","","DE-BW",""
"7.155","(7.155) Untersuchung_Artikulation_ch1","boolean","","","DE-BW",""
"7.156","(7.156) Untersuchung_Artikulation_ch2","boolean","","","DE-BW",""
"7.157","(7.157) Untersuchung_Artikulation_G/K","boolean","","","DE-BW",""
"7.158","(7.158) Untersuchung_Artikulation_S/Z","boolean","","","DE-BW",""
"7.159","(7.159) Untersuchung_Artikulation_SCH","boolean","","","DE-BW",""
"7.160","(7.160) Untersuchung_Artikulation_R","boolean","","","DE-BW",""
"7.161","(7.161) Untersuchung_Artikulation_F/W/PF","boolean","","","DE-BW",""
"7.162","(7.162) Untersuchung_Artikulation_T/D","boolean","","","DE-BW",""
"7.163","(7.163) Untersuchung_Artikulation_Kons.-verb","boolean","","","DE-BW",""
"7.164","(7.164) Untersuchung_Artikulation_Andere","boolean","","","DE-BW",""
"7.165","(7.165) Untersuchung_Artikulation_Ausspracheverständlichkeit","boolean","","","DE-BW",""
"7.166","(7.166) Untersuchung_Artikulation_Abgeschlossen","boolean","","","DE-BW",""
"7.167","(7.167) Untersuchung_Artikulation_Bemerkungen","string","","","DE-BW",""
"7.168","(7.168) Untersuchung_Artikulation_Bemerkungen_Übernahme in Befundbogen für Sorgeberechtigte","boolean","","","DE-BW",""
"7.169","(7.169) Untersuchung_Artikulation_Bemerkungen_Übernahme in Befundbogen für Kita","boolean","","","DE-BW",""
"7.170","(7.170) Untersuchung_Graphomotorik_Händigkeit_rechts","boolean","","","DE-BW",""
"7.171","(7.171) Untersuchung_Graphomotorik_Händigkeit_links","boolean","","","DE-BW",""
"7.172","(7.172) Untersuchung_Graphomotorik_Händigkeit_unklar","boolean","","","DE-BW",""
"7.173","(7.173) Untersuchung_Graphomotorik_Druck_unauffällig","boolean","","","DE-BW",""
"7.174","(7.174) Untersuchung_Graphomotorik_Druck_auffällig","boolean","","","DE-BW",""
"7.175","(7.175) Untersuchung_Graphomotorik_Druck_auffällig_zu_stark","boolean","","","DE-BW",""
"7.176","(7.176) Untersuchung_Graphomotorik_Druck_auffällig_zu_schwach","boolean","","","DE-BW",""
"7.177","(7.177) Untersuchung_Graphomotorik_Haltung_unauffällig","boolean","","","DE-BW",""
"7.178","(7.178) Untersuchung_Graphomotorik_Haltung_auffällig","boolean","","","DE-BW",""
"7.179","(7.179) Untersuchung_Graphomotorik_Haltung_auffällig_Handgelenk_liegt_nicht_auf","boolean","","","DE-BW",""
"7.180","(7.180) Untersuchung_Graphomotorik_Haltung_auffällig_Palmargriff","boolean","","","DE-BW",""
"7.181","(7.181) Untersuchung_Graphomotorik_Haltung_auffällig_kein_Dreipunktgriff","boolean","","","DE-BW",""
"7.182","(7.182) Untersuchung_Graphomotorik_Führung_unauffällig","boolean","","","DE-BW",""
"7.183","(7.183) Untersuchung_Graphomotorik_Führung_auffällig","boolean","","","DE-BW",""
"7.184","(7.184) Untersuchung_Graphomotorik_Führung_auffällig_verzittert","boolean","","","DE-BW",""
"7.185","(7.185) Untersuchung_Graphomotorik_Führung_auffällig_unangemessene_Bewegung","boolean","","","DE-BW",""
"7.186","(7.186) Untersuchung_Graphomotorik_Führung_auffällig_ausfahrende_Bewegungsimpulse","boolean","","","DE-BW",""
"7.187","(7.187) Untersuchung_Graphomotorik_Nicht_Durchgeführt","boolean","","","DE-BW",""
"7.188","(7.188) Untersuchung_Graphomotorik_Fehlende_Mitarbeit","boolean","","","DE-BW",""
"7.189","(7.189) Untersuchung_Graphomotorik_Intensiver_Förderbedarf","boolean","","","DE-BW",""
"7.190","(7.190) Untersuchung_Graphomotorik_Förderung_häuslich/Kindergarten","boolean","","","DE-BW",""
"7.191","(7.191) Untersuchung_Graphomotorik_In_Behandlung","boolean","","","DE-BW",""
"7.192","(7.192) Untersuchung_Graphomotorik_Kinder-/Hausarzt","boolean","","","DE-BW",""
"7.193","(7.193) Untersuchung_Graphomotorik_Altersentsprechend","boolean","","","DE-BW",""
"7.194","(7.194) Untersuchung_Graphmotorik_Abgeschlossen","boolean","","","DE-BW",""
"7.195","(7.195) Untersuchung_Graphomotorik_Bemerkungen","string","","","DE-BW",""
"7.196","(7.196) Untersuchung_Graphomotorik_Bemerkungen_Übernahme_in_Befundbogen_für_Sorgeberechtigte","boolean","","","DE-BW",""
"7.197","(7.197) Untersuchung_Graphomotorik_Bemerkungen_Übernahme_in_Befundbogen_für_Kita","boolean","","","DE-BW",""
"7.198","(7.198) Untersuchung_Visuomotorik_DP0_0","boolean","","","DE-BW",""
"7.199","(7.199) Untersuchung_Visuomotorik_DP0_1","boolean","","","DE-BW",""
"7.200","(7.200) Untersuchung_Visuomotorik_DP0_2","boolean","","","DE-BW",""
"7.201","(7.201) Untersuchung_Visuomotorik_DP0_3","boolean","","","DE-BW",""
"7.202","(7.202) Untersuchung_Visuomotorik_DP0_4","boolean","","","DE-BW",""
"7.203","(7.203) Untersuchung_Visuomotorik_DP0_Bewertung","choice","","Altersentsprechend :: ggf. Förderbedarf :: ggf. Arztempfehlung :: Förderbedarf und ggf. Arztempfehlung ","DE-BW",""
"7.204","(7.204) Untersuchung_Visuomotorik_DP1_0","boolean","","","DE-BW",""
"7.205","(7.205) Untersuchung_Visuomotorik_DP1_1","boolean","","","DE-BW",""
"7.206","(7.206) Untersuchung_Visuomotorik_DP1_2","boolean","","","DE-BW",""
"7.207","(7.207) Untersuchung_Visuomotorik_DP1_3","boolean","","","DE-BW",""
"7.208","(7.208) Untersuchung_Visuomotorik_DP1_4","boolean","","","DE-BW",""
"7.209","(7.209) Untersuchung_Visuomotorik_DP1_5","boolean","","","DE-BW",""
"7.210","(7.210) Untersuchung_Visuomotorik_DP1_Bewertung","boolean","","Altersentsprechend :: ggf. Förderbedarf :: ggf. Arztempfehlung :: Förderbedarf und ggf. Arztempfehlung ","DE-BW",""
"7.211","(7.211) Untersuchung_Visuomotorik_Nicht_Durchgeführt","boolean","","","DE-BW",""
"7.212","(7.212) Untersuchung_Visuomotorik_Fehlende_Mitarbeit","boolean","","","DE-BW",""
"7.213","(7.213) Untersuchung_Visuomotorik_Intensiver_Förderbedarf","boolean","","","DE-BW",""
"7.214","(7.214) Untersuchung_Visuomotorik_Förderung_häuslich/Kindergarten","boolean","","","DE-BW",""
"7.215","(7.215) Untersuchung_Visuomotorik_In_Behandlung","boolean","","","DE-BW",""
"7.216","(7.216) Untersuchung_Visuomotorik_Kinder-/Hausarzt","boolean","","","DE-BW",""
"7.217","(7.217) Untersuchung_Visuomotorik_Altersentsprechend","boolean","","","DE-BW",""
"7.218","(7.218) Untersuchung_Visuomotorik_Abgeschlossen","boolean","","","DE-BW",""
"7.219","(7.219) Untersuchung_Visuomotorik_Bemerkungen","string","","","DE-BW",""
"7.220","(7.220) Untersuchung_Visuomotorik_Bemerkungen_Übernahme_in_Befundbogen_für_Sorgeberechtigte","boolean","","","DE-BW",""
"7.221","(7.221) Untersuchung_Visuomotorik_Bemerkungen_Übernahme_in_Befundbogen_für_Kita","boolean","","","DE-BW",""
"7.222","(7.222) Untersuchung_Menschzeichnung_Kopffüßler","boolean","","","DE-BW",""
"7.223","(7.223) Untersuchung_Menschzeichnung_unstrukturiert","boolean","","","DE-BW",""
"7.224","(7.224) Untersuchung_Menschzeichnung_Nicht_Durchgeführt","boolean","","","DE-BW",""
"7.225","(7.225) Untersuchung_Menschzeichnung_Fehlende_Mitarbeit","boolean","","","DE-BW",""
"7.226","(7.226) Untersuchung_Menschzeichnung_Intensiver_Förderbedarf","boolean","","","DE-BW",""
"7.227","(7.227) Untersuchung_Menschzeichnung_Förderung_häuslich/Kindergarten","boolean","","","DE-BW",""
"7.228","(7.228) Untersuchung_Menschzeichnung_In_Behandlung","boolean","","","DE-BW",""
"7.229","(7.229) Untersuchung_Menschzeichnung_Kinder-/Hausarzt","boolean","","","DE-BW",""
"7.230","(7.230) Untersuchung_Menschzeichnung_Altersentsprechend","boolean","","","DE-BW",""
"7.231","(7.231) Untersuchung_Menschzeichnung_Abgeschlossen","boolean","","","DE-BW",""
"7.232","(7.232) Untersuchung_Menschzeichnung_Bemerkungen","string","","","DE-BW",""
"7.233","(7.233) Untersuchung_Menschzeichnung_Bemerkungen_Übernahme_in_Befundbogen_für_Sorgeberechtigte","boolean","","","DE-BW",""
"7.234","(7.234) Untersuchung_Menschzeichnung_Bemerkungen_Übernahme_in_Befundbogen_für_Kita","boolean","","","DE-BW",""
"7.235","(7.235) Untersuchung_Mathematische_Basiskompetenz_Intensiver_Förderbedarf","boolean","","","DE-BW",""
"7.236","(7.236) Untersuchung_Mathematische_Basiskompetenz_Förderung_häuslich/Kindergarten","boolean","","","DE-BW",""
"7.237","(7.237) Untersuchung_Verhalten_Auffälligkeiten_Konzentration","boolean","","","DE-BW",""
"7.238","(7.238) Untersuchung_Verhalten_Auffälligkeiten_Ausdauer","boolean","","","DE-BW",""
"7.239","(7.239) Untersuchung_Verhalten_Auffälligkeiten_Frustrationstoleranz","boolean","","","DE-BW",""
"7.240","(7.240) Untersuchung_Verhalten_Auffälligkeiten_Mitarbeit","boolean","","","DE-BW",""
"7.241","(7.241) Untersuchung_Verhalten_Auffälligkeiten_Impulskontrolle","boolean","","","DE-BW",""
"7.242","(7.242) Untersuchung_Verhalten_Auffälligkeiten_Andere","boolean","","","DE-BW",""
"7.243","(7.243) Untersuchung_Verhalten_Auffälligkeiten_Arbeitstempo","boolean","","","DE-BW",""
"7.244","(7.244) Untersuchung_Verhalten_Auffälligkeiten_Selbstvertrauen","boolean","","","DE-BW",""
"7.245","(7.245) Untersuchung_Verhalten_Intensiver_Förderbedarf","boolean","","","DE-BW",""
"7.246","(7.246) Untersuchung_Verhalten_Förderung_häuslich/Kindergarten","boolean","","","DE-BW",""
"7.247","(7.247) Untersuchung_Verhalten_In_Behandlung","boolean","","","DE-BW",""
"7.248","(7.248) Untersuchung_Verhalten_Altersentsprechend","boolean","","","DE-BW",""
"7.249","(7.249) Untersuchung_Verhalten_Kinder-/Hausarzt","boolean","","","DE-BW",""
"7.250","(7.250) Untersuchung_Verhalten_Abgeschlossen","boolean","","","DE-BW",""
"7.251","(7.251) Untersuchung_Verhalten_Bemerkungen","string","","","DE-BW",""
"7.252","(7.252) Untersuchung_Verhalten_Bemerkungen_Übernahme_in_Befundbogen_für_Sorgeberechtigte","boolean","","","DE-BW",""
"7.253","(7.253) Untersuchung_Verhalten_Bemerkungen_Übernahme_in_Befundbogen_für_Kita","boolean","","","DE-BW",""
"7.254","(7.254) Untersuchung_Zusammenfassung_SBBZ_Empfehlung_geben","boolean","","","DE-BW",""
"7.255","(7.255) Untersuchung_Zusammenfassung_Geplante_Untersuchung_Schritt_1b","boolean","","","DE-BW",""
"7.256","(7.256) Untersuchung_Zusammenfassung_Geplante_Untersuchung_SETK_3-5_(Schritt_1)","boolean","","","DE-BW",""
"7.257","(7.257) Untersuchung_Zusammenfassung_Geplante_Untersuchung_Schritt_2","boolean","","","DE-BW",""
"7.258","(7.258) Untersuchung_Zusammenfassung_Geplante_Untersuchung_SETK_3-5_(Schritt_2)","boolean","","","DE-BW",""
"7.259","(7.259) Untersuchung_Zusammenfassung_Geplante_Untersuchung_HASE_(Schritt_2)","boolean","","","DE-BW",""
"7.260","(7.260) Untersuchung_Zusammenfassung_Geplante_Untersuchung_SOPESS_(Schritt_2)","boolean","","","DE-BW",""
"7.261","(7.261) Untersuchung_Zusammenfassung_Bemerkungen_Befundbogen","boolean","","","DE-BW",""
"8","(8) Schulärztliche Untersuchung (1. SÄU)","group","","","DE-BY",""
"8.1","(8.1) Datum 1. Schulärztliche Untersuchung (SÄU)","date","","","DE-BY",""
"8.2","(8.2) NUR telefon. Kontaktaufnahme mit Eltern","boolean","","","DE-BY",""
"8_1","(8_1) Grund für 1. Schulärztliche Untersuchung","group","","","DE-BY",""
"8.3","(8.3) Auffälligkeiten im Anamnesebogen","boolean","","","DE-BY",""
"8.4","(8.4) Auffälliges Ergebnis im Elternfragebogen","boolean","","","DE-BY",""
"8.5","(8.5) Auffälliger SDQ","boolean","","","DE-BY",""
"8.6","(8.6) Auffälliges Ergebnis im Screening","boolean","","","DE-BY",""
"8.7","(8.7) Kind besucht keine vorschulische Einrichtung","boolean","","","DE-BY",""
"8.8","(8.8) Eltern wünschen schulärztliche Untersuchung","boolean","","","DE-BY",""
"8.9","(8.9) Fehlende U8","boolean","","","DE-BY",""
"8.10","(8.10) Fehlende U9","boolean","","","DE-BY",""
"8.11","(8.11) U8 auffällig","boolean","","","DE-BY",""
"8.12","(8.12) U9 auffällig","boolean","","","DE-BY",""
"8.13","(8.13) Kind in SVE, Sonderpädagogischer oder integrativer Einrichtung","boolean","","","DE-BY",""
"8.14","(8.14) Kinder-/Hausarzt empfiehlt SÄU","boolean","","","DE-BY",""
"8.15","(8.15) Verdacht Kindeswohlgefährdung","boolean","","","DE-BY",""
"8.16","(8.16) Sonstige Gründe","boolean","","","DE-BY",""
"8.17","(8.17) Keine Angabe","boolean","","","DE-BY",""
"8_2","(8_2) Körperliche Befunde aus der 1. Schulärztlichen Untersuchung","group","","","DE-BY",""
"8.18","(8.18) gemessene Körpergröße (in cm)","integer","","","DE-BY",""
"8.19","(8.19) gemessenes Körpergewicht (in kg)","decimal","","","DE-BY",""
"8.20","(8.20) Körperliche Untersuchung nicht möglich","boolean","","","DE-BY",""
"8.21","(8.21) Anmerkungen intern","string","","","DE-BY",""
"8.22","(8.22) Bislang unbehandelte therapiebedürftige körperliche Befunde","boolean","","","DE-BY",""
"8.23","(8.23) Körperliche Befunde","string","8.22 = true","","DE-BY",""
"8.24","(8.24) Verhaltensauffälligkeiten beim Kind","choice","","ja :: nein :: nicht beurteilbar :: nicht überprüft ","DE-BY",""
"8.25","(8.25) Umgangs-/Erziehungsprobleme Mutter/Vater - Kind","boolean","","ja :: nein :: nicht beurteilbar :: nicht überprüft ","DE-BY",""
"8.26","(8.26) Verdacht auf Vernachlässigung (Kleidung, Pflegezustand, Verhalten)","boolean","","ja :: nein :: nicht beurteilbar :: nicht überprüft ","DE-BY",""
"8.27","(8.27) Schlechte Mundgesundheit (Massive Karies, Zahnverlust, etc.)","boolean","","ja :: nein :: nicht beurteilbar :: nicht überprüft ","DE-BY",""
"8.28","(8.28) Hämatome, Narben, Verletzungen an untypischen Stellen","boolean","","ja :: nein :: nicht beurteilbar :: nicht überprüft ","DE-BY",""
"8.29","(8.29) Impfungen wurden im Rahmen der 1. SÄU nachgeholt","boolean","","","DE-BY",""
"8.30","(8.30) Nachgeholte Impfungen im Rahmen der 1. SÄU","string","8.29 = true","","DE-BY",""
"8.31","(8.31) weitere Abklärung körperl. Befunde durch Kinder-/Jugendarzt","boolean","","","DE-BY",""
"8.32","(8.32) weitere Abklärung körperl. Befunde durch Augenarzt","boolean","","","DE-BY",""
"8.33","(8.33) weitere Abklärung körperl. Befunde durch HNO-Arzt","boolean","","","DE-BY",""
"8.34","(8.34) weitere Abklärung körperl. Befunde durch Zahnarzt","boolean","","","DE-BY",""
"8.35","(8.35) weitere Abklärung körperl. Befunde durch sonst. Facharzt","boolean","","","DE-BY",""
"8.36","(8.36) weitere Abklärung sonstige","boolean","","","DE-BY",""
"8.37","(8.37) körpl. Befunde, die eine Relevanz für den Schulalltag haben","boolean","","","DE-BY",""
"8_3","(8_3) Befunde zum Entwicklungsstand","group","","","DE-BY",""
"8_3_1","(8_3_1) Auffälligkeiten aus Entwicklungsscreening sind Eltern bekannt","group","","","DE-BY",""
"8.38","(8.38) Nonverbale Intelligenz (1.SÄU)","boolean","","","DE-BY",""
"8.39","(8.39) Visuomotorik (1. SÄU)","boolean","","","DE-BY",""
"8.40","(8.40) Mengen- und Zahlenvorwissen (1. SÄU)","boolean","","","DE-BY",""
"8.41","(8.41) Sprache (Grammatik, Verständnis, Wortschatz) (1. SÄU)","boolean","","","DE-BY",""
"8.42","(8.42) Sprechen (Lautbildung, Stottern, Stimme) (1. SÄU)","boolean","","","DE-BY",""
"8.43","(8.43) Körperkoordination (1. SÄU)","boolean","","","DE-BY",""
"8_3_2","(8_3_2) Auffälligkeiten aus Entwicklungsscreening sind ärztlich abgeklärt","group","","","DE-BY",""
"8.44","(8.44) Nonverbale Intelligenz (1. SÄU)","boolean","","","DE-BY",""
"8.45","(8.45) Visuomotorik (1. SÄU)","boolean","","","DE-BY",""
"8.46","(8.46) Mengen- und Zahlenvorwissen (1. SÄU)","boolean","","","DE-BY",""
"8.47","(8.47) Sprache (Grammatik, Verständnis, Wortschatz) (1. SÄU)","boolean","","","DE-BY",""
"8.48","(8.48) Sprechen (Lautbildung, Stottern, Stimme) (1. SÄU)","boolean","","","DE-BY",""
"8.49","(8.49) Körperkoordination (1. SÄU)","boolean","","","DE-BY",""
"8_3_3","(8_3_3) Untersuchungsergebnisse zur Entwicklung (1. SÄU)","group","","","DE-BY",""
"8.50","(8.50) Nonverbale Intelligenz (1. SÄU)","choice","","unauffälliger Befund :: Abklärung beim Kinder-/Jugendarzt :: Abklärung durch sonstigen Facharzt :: Abklärung Frühförderstelle :: häusliche Förderung ausreichend :: Teilnahme Vorkurs Deutsch empfohlen :: Kind ist wegen des Befundes bereits in Behandlung :: Behinderung bzw. dauerhafte Schädigung des Kindes :: Testbereich nicht beurteilbar ","DE-BY",""
"8.51","(8.51) Visuomotorik (1. SÄU)","choice","","unauffälliger Befund :: Abklärung beim Kinder-/Jugendarzt :: Abklärung durch sonstigen Facharzt :: Abklärung Frühförderstelle :: häusliche Förderung ausreichend :: Teilnahme Vorkurs Deutsch empfohlen :: Kind ist wegen des Befundes bereits in Behandlung :: Behinderung bzw. dauerhafte Schädigung des Kindes :: Testbereich nicht beurteilbar ","DE-BY",""
"8.52","(8.52) Mengen- und Zahlenvorwissen (1. SÄU)","choice","","unauffälliger Befund :: Abklärung beim Kinder-/Jugendarzt :: Abklärung durch sonstigen Facharzt :: Abklärung Frühförderstelle :: häusliche Förderung ausreichend :: Teilnahme Vorkurs Deutsch empfohlen :: Kind ist wegen des Befundes bereits in Behandlung :: Behinderung bzw. dauerhafte Schädigung des Kindes :: Testbereich nicht beurteilbar ","DE-BY",""
"8.53","(8.53) Sprache (Grammatik, Verständnis, Wortschatz) (1. SÄU)","choice","","unauffälliger Befund :: Abklärung beim Kinder-/Jugendarzt :: Abklärung durch sonstigen Facharzt :: Abklärung Frühförderstelle :: häusliche Förderung ausreichend :: Teilnahme Vorkurs Deutsch empfohlen :: Kind ist wegen des Befundes bereits in Behandlung :: Behinderung bzw. dauerhafte Schädigung des Kindes :: Testbereich nicht beurteilbar ","DE-BY",""
"8.54","(8.54) Sprechen (Lautbildung, Stottern, Stimme) (1. SÄU)","choice","","unauffälliger Befund :: Abklärung beim Kinder-/Jugendarzt :: Abklärung durch sonstigen Facharzt :: Abklärung Frühförderstelle :: häusliche Förderung ausreichend :: Teilnahme Vorkurs Deutsch empfohlen :: Kind ist wegen des Befundes bereits in Behandlung :: Behinderung bzw. dauerhafte Schädigung des Kindes :: Testbereich nicht beurteilbar ","DE-BY",""
"8.55","(8.55) Körperkoordination (1. SÄU)","choice","","unauffälliger Befund :: Abklärung beim Kinder-/Jugendarzt :: Abklärung durch sonstigen Facharzt :: Abklärung Frühförderstelle :: häusliche Förderung ausreichend :: Teilnahme Vorkurs Deutsch empfohlen :: Kind ist wegen des Befundes bereits in Behandlung :: Behinderung bzw. dauerhafte Schädigung des Kindes :: Testbereich nicht beurteilbar ","DE-BY",""
"8_3_4","(8_3_4) Folgende Therapien/Fördermaßnahmen laufen bereits","group","","","DE-BY",""
"8.56","(8.56) Frühförderung","boolean","","","DE-BY",""
"8.57","(8.57) Logopädie","boolean","","","DE-BY",""
"8.58","(8.58) Ergotherapie","boolean","","","DE-BY",""
"8.59","(8.59) Physiotherapie","boolean","","","DE-BY",""
"8.60","(8.60) Vorkurs Deutsch","boolean","","","DE-BY",""
"8.61","(8.61) Sonstige(s)","boolean","","","DE-BY",""
"8.62","(8.62) Welche sonstige(s)","string","8.61 = true","","DE-BY",""
"8.63","(8.63) Anmerkungen intern (1. SÄU)","string","","","DE-BY",""
"8_3_5","(8_3_5) Weitere Empfehlungen aus 1. Schulärztlicher Untersuchung zur Entwicklung","group","","","DE-BY",""
"8.64","(8.64) erneutes FdS-Screening","boolean","","","DE-BY",""
"8.65","(8.65) (Abwarten und) Wiedervorstellung zur 2. SÄU","boolean","","","DE-BY",""
"8.66","(8.66) Rückstellung empfohlen","boolean","","","DE-BY",""
"8.66.1","(8.66.1) Begründung Rückstellung","string","8.66 = true","","DE-SN",""
"8.67","(8.67) Besuch Förderzentrum empfohlen","boolean","","","DE-BY",""
"8.67.1","(8.67.1) Begründung Besuch Förderzentrum","string","8.67 = true","","DE-SN",""
"8.68","(8.68) Sonstiges","boolean","","","DE-BY",""
"8.69","(8.69) Befunde, die eine Relevanz für den Schulalltag haben","boolean","","","DE-BY",""
"8_3_6","(8_3_6) Weitergabe folgender Informationen an die Schulleitung","group","","","DE-BY",""
"8.70","(8.70) auffälliges Ergebnis bei Sprachstand, Vorkurs Deutsch erforderlich","boolean","","","DE-BY",""
"8.71","(8.71) individuelle Förderung erforderlich","boolean","","","DE-BY",""
"8.72","(8.72) med. Maßnahme ggf. erforderlich","boolean","","","DE-BY",""
"9","(9) Schulärztliche Untersuchung (2. SÄU)","group","","","DE-BY",""
"9.1","(9.1) Datum 2. Schulärztliche Untersuchung (2. SÄU)","date","","","DE-BY",""
"9.2","(9.2) NUR telefon. Kontaktaufnahme mit Eltern","boolean","","","DE-BY",""
"9_1","(9_1) Grund für 2. Schulärztliche Untersuchung","group","","","DE-BY",""
"9.3","(9.3) Indikation nach 1. SÄU","boolean","","","DE-BY",""
"9.4","(9.4) Auffälliges Ergebnis im 2. Screening","boolean","","","DE-BY",""
"9.5","(9.5) Kind besucht keine vorschulische Einrichtung","boolean","","","DE-BY",""
"9.6","(9.6) Eltern wünschen 2. schulärztliche Untersuchung","boolean","","","DE-BY",""
"9.7","(9.7) Kind in SVE, Sonderpädagogischer oder integrativer Einrichtung","boolean","","","DE-BY",""
"9.8","(9.8) Kinder-/Hausarzt empfiehlt SÄU","boolean","","","DE-BY",""
"9.9","(9.9) Verdacht Kindeswohlgefährdung","boolean","","","DE-BY",""
"9.10","(9.10) Sonstige Gründe","boolean","","","DE-BY",""
"9.11","(9.11) Keine Angabe","boolean","","","DE-BY",""
"9_2","(9_2) Körperliche Befunde der 2. Schulärztlichen Untersuchung","group","","","DE-BY",""
"9.12","(9.12) gemessene Körpergröße (in cm)","integer","","","DE-BY",""
"9.13","(9.13) gemessenes Körpergewicht (in kg)","decimal","","","DE-BY",""
"9.14","(9.14) Körperliche Untersuchung nicht möglich","boolean","","","DE-BY",""
"9.15","(9.15) Anmerkungen intern","string","","","DE-BY",""
"9.16","(9.16) Bislang unbehandelte therapiebedürftige körperliche Befunde","boolean","","","DE-BY",""
"9.17","(9.17) Körperliche Befunde","string","9.16 = true","","DE-BY",""
"9.18","(9.18) Verhaltensauffälligkeiten beim Kind","choice","","ja :: nein :: nicht beurteilbar :: nicht überprüft ","DE-BY",""
"9.19","(9.19) Umgangs-/Erziehungsprobleme Mutter/Vater - Kind","choice","","ja :: nein :: nicht beurteilbar :: nicht überprüft ","DE-BY",""
"9.20","(9.20) Verdacht auf Vernachlässigung (Kleidung, Pflegezustand, Verhalten)","choice","","ja :: nein :: nicht beurteilbar :: nicht überprüft ","DE-BY",""
"9.21","(9.21) Schlechte Mundgesundheit (Massive Karies, Zahnverlust, etc.)","choice","","ja :: nein :: nicht beurteilbar :: nicht überprüft ","DE-BY",""
"9.22","(9.22) Hämatome, Narben, Verletzungen an untypischen Stellen","choice","","ja :: nein :: nicht beurteilbar :: nicht überprüft ","DE-BY",""
"9.23","(9.23) Impfungen wurden im Rahmen der 2. SÄU nachgeholt","boolean","","","DE-BY",""
"9.24","(9.24) Nachgeholte Impfungen im Rahmen der 2. SÄU","string","9.23 = true","","DE-BY",""
"9.25","(9.25) weitere Abklärung körperl. Befunde durch Kinder-/Jugendarzt","boolean","","","DE-BY",""
"9.26","(9.26) weitere Abklärung körperl. Befunde durch Augenarzt","boolean","","","DE-BY",""
"9.27","(9.27) weitere Abklärung körperl. Befunde durch HNO-Arzt","boolean","","","DE-BY",""
"9.28","(9.28) weitere Abklärung körperl. Befunde durch Zahnarzt","boolean","","","DE-BY",""
"9.29","(9.29) weitere Abklärung körperl. Befunde durch sonst. Facharzt","boolean","","","DE-BY",""
"9.30","(9.30) weitere Abklärung sonstige","boolean","","","DE-BY",""
"9.31","(9.31) körpl. Befunde, die eine Relevanz für den Schulalltag haben","boolean","","","DE-BY",""
"9_3","(9_3) Untersuchungsergebnisse zur Entwicklung (2. SÄU)","group","","","DE-BY",""
"9.32","(9.32) Nonverbale Intelligenz (2. SÄU)","choice","","unauffälliger Befund :: Abklärung beim Kinder-/Jugendarzt :: Abklärung durch sonstigen Facharzt :: Abklärung Frühförderstelle :: häusliche Förderung ausreichend :: Teilnahme Vorkurs Deutsch empfohlen :: Kind ist wegen des Befundes bereits in Behandlung :: Behinderung bzw. dauerhafte Schädigung des Kindes :: Testbereich nicht beurteilbar ","DE-BY",""
"9.33","(9.33) Nonverbale Intelligenz (2. SÄU) - Vgl. zur 1. SÄU","choice","9.32 = 02;9.32 = 03;9.32 = 04;9.32 = 05;9.32 = 06;9.32 = 07;9.32 = 08","ohne Veränderung :: eine Verbesserung :: eine Verschlechterung ","DE-BY",""
"9.34","(9.34) Visuomotorik (2. SÄU)","choice","","unauffälliger Befund :: Abklärung beim Kinder-/Jugendarzt :: Abklärung durch sonstigen Facharzt :: Abklärung Frühförderstelle :: häusliche Förderung ausreichend :: Teilnahme Vorkurs Deutsch empfohlen :: Kind ist wegen des Befundes bereits in Behandlung :: Behinderung bzw. dauerhafte Schädigung des Kindes :: Testbereich nicht beurteilbar ","DE-BY",""
"9.35","(9.35) Visuomotorik (2. SÄU) - Vgl. zur 1. SÄU","choice","9.34 = 02;9.34 = 03;9.34 = 04;9.34 = 05;9.34 = 06;9.34 = 07;9.34 = 08","ohne Veränderung :: eine Verbesserung :: eine Verschlechterung ","DE-BY",""
"9.36","(9.36) Mengen- und Zahlenvorwissen (2. SÄU)","choice","","unauffälliger Befund :: Abklärung beim Kinder-/Jugendarzt :: Abklärung durch sonstigen Facharzt :: Abklärung Frühförderstelle :: häusliche Förderung ausreichend :: Teilnahme Vorkurs Deutsch empfohlen :: Kind ist wegen des Befundes bereits in Behandlung :: Behinderung bzw. dauerhafte Schädigung des Kindes :: Testbereich nicht beurteilbar ","DE-BY",""
"9.37","(9.37) Mengen- und Zahlenvorwissen (2. SÄU) - Vgl. zur 1. SÄU","choice","9.36 = 02;9.36 = 03;9.36 = 04;9.36 = 05;9.36 = 06;9.36 = 07;9.36 = 08","ohne Veränderung :: eine Verbesserung :: eine Verschlechterung ","DE-BY",""
"9.38","(9.38) Sprache (Grammatik, Verständnis, Wortschatz) (2. SÄU)","choice","","unauffälliger Befund :: Abklärung beim Kinder-/Jugendarzt :: Abklärung durch sonstigen Facharzt :: Abklärung Frühförderstelle :: häusliche Förderung ausreichend :: Teilnahme Vorkurs Deutsch empfohlen :: Kind ist wegen des Befundes bereits in Behandlung :: Behinderung bzw. dauerhafte Schädigung des Kindes :: Testbereich nicht beurteilbar ","DE-BY",""
"9.39","(9.39) Sprache (Grammatik, Verständnis, Wortschatz) (2. SÄU) - Vgl. zur 1. SÄU","choice","9.38 = 02;9.38 = 03;9.38 = 04;9.38 = 05;9.38 = 06;9.38 = 07;9.38 = 08","ohne Veränderung :: eine Verbesserung :: eine Verschlechterung ","DE-BY",""
"9.40","(9.40) Sprechen (Lautbildung, Stottern, Stimme) (2. SÄU)","choice","","unauffälliger Befund :: Abklärung beim Kinder-/Jugendarzt :: Abklärung durch sonstigen Facharzt :: Abklärung Frühförderstelle :: häusliche Förderung ausreichend :: Teilnahme Vorkurs Deutsch empfohlen :: Kind ist wegen des Befundes bereits in Behandlung :: Behinderung bzw. dauerhafte Schädigung des Kindes :: Testbereich nicht beurteilbar ","DE-BY",""
"9.41","(9.41) Sprechen (Lautbildung, Stottern, Stimme) (2. SÄU) - Vgl. zur 1. SÄU","choice","9.40 = 02;9.40 = 03;9.40 = 04;9.40 = 05;9.40 = 06;9.40 = 07;9.40 = 08","ohne Veränderung :: eine Verbesserung :: eine Verschlechterung ","DE-BY",""
"9.42","(9.42) Körperkoordination (2. SÄU)","choice","","unauffälliger Befund :: Abklärung beim Kinder-/Jugendarzt :: Abklärung durch sonstigen Facharzt :: Abklärung Frühförderstelle :: häusliche Förderung ausreichend :: Teilnahme Vorkurs Deutsch empfohlen :: Kind ist wegen des Befundes bereits in Behandlung :: Behinderung bzw. dauerhafte Schädigung des Kindes :: Testbereich nicht beurteilbar ","DE-BY",""
"9.43","(9.43) Körperkoordination (2. SÄU) - Vgl. zur 1. SÄU","choice","9.42 = 02;9.42 = 03;9.42 = 04;9.42 = 05;9.42 = 06;9.42 = 07;9.42 = 08","ohne Veränderung :: eine Verbesserung :: eine Verschlechterung ","DE-BY",""
"9.44","(9.44) Anmerkungen intern (2. SÄU)","string","","","DE-BY",""
"9_4","(9_4) Folgende Maßnahmen haben seit der 1. SÄU stattgefunden oder laufen derzeit","group","","","DE-BY",""
"9.45","(9.45) Frühförderung","boolean","","","DE-BY",""
"9.46","(9.46) Logopädie","boolean","","","DE-BY",""
"9.47","(9.47) Ergotherapie","boolean","","","DE-BY",""
"9.48","(9.48) Physiotherapie","boolean","","","DE-BY",""
"9.49","(9.49) Abklärung beim Kinder-/Jugendarzt","boolean","","","DE-BY",""
"9.50","(9.50) Abklärung beim Augenarzt","boolean","","","DE-BY",""
"9.51","(9.51) Abklärung beim HNO-Arzt","boolean","","","DE-BY",""
"9.52","(9.52) Abklärung beim Zahnarzt","boolean","","","DE-BY",""
"9.53","(9.53) Abklärung sonstiger Facharzt","boolean","","","DE-BY",""
"9.54","(9.54) Abklärung SPZ","boolean","","","DE-BY",""
"9.55","(9.55) Sonstiges","boolean","","","DE-BY",""
"9_5","(9_5) Vorkurs Deutsch","group","","","DE-BY",""
"9.56","(9.56) Teilnahme Vorkurs Deutsch im Vorjahr empfohlen","boolean","","","DE-BY",""
"9.57","(9.57) Teilnahme hat stattgefunden","choice","9.56 = true","ja :: nein :: teilweise :: keine Angabe ","DE-BY",""
"9.58","(9.58) Gründe für NICHT-Teilnahme","string","9.57 = 2;9.57 = 3","","DE-BY",""
"9_6","(9_6) Weitere Empfehlungen aus 2. Schulärztlicher Untersuchung zur Entwicklung","group","","","DE-BY",""
"9.59","(9.59) Rückstellung empfohlen","boolean","","","DE-BY",""
"9.60","(9.60) Besuch Förderzentrum empfohlen","boolean","","","DE-BY",""
"9.61","(9.61) Sonstiges","boolean","","","DE-BY",""
"9.62","(9.62) Befunde, die eine Relevanz für den Schulalltag haben","boolean","","","DE-BY",""
"9_7","(9_7) Weitergabe folgender Informationen an die Schulleitung","group","","","DE-BY",""
"9.63","(9.63) auffälliges Ergebnis bei Sprachstand, Vorkurs Deutsch erforderlich","boolean","","","DE-BY",""
"9.64","(9.64) individuelle Förderung erforderlich","boolean","","","DE-BY",""
"9.65","(9.65) med. Maßnahme ggf. erforderlich","boolean","","","DE-BY",""
